match,teamInnings,battingPos,batsmanName,dismissal,runs,balls,4s,6s,SR,out/not_out,match_id
Canada Vs Ireland,Canada,1,Aaron Johnson,c Campher b Young,14,13,3,0,107.69,out,T20I # 2644
Canada Vs Ireland,Canada,2,Navneet Dhaliwal,c Dockrell b Adair,6,10,1,0,60,out,T20I # 2644
Canada Vs Ireland,Canada,3,Pargat Singh,c Little b Young,18,14,2,0,128.57,out,T20I # 2644
Canada Vs Ireland,Canada,4,Dilpreet Bajwa,c & b Delany,7,9,1,0,77.77,out,T20I # 2644
Canada Vs Ireland,Canada,5,Nicholas Kirton,c Balbirnie b McCarthy,49,35,3,2,140,out,T20I # 2644
Canada Vs Ireland,Canada,6,Shreyas Movva,run out (McCarthy/â€ Tucker),37,36,3,0,102.77,out,T20I # 2644
Canada Vs Ireland,Canada,7,Dilon Heyliger,c Little b McCarthy,0,2,0,0,0,out,T20I # 2644
Canada Vs Ireland,Canada,8,Saad Bin Zafar,not out,1,1,0,0,100,not_out,T20I # 2644
Canada Vs Ireland,Ireland,1,Andy Balbirnie,c & b Junaid Siddiqui,17,19,1,0,89.47,out,T20I # 2644
Canada Vs Ireland,Ireland,2,Paul Stirling,c â€ Movva b Gordon,9,17,1,0,52.94,out,T20I # 2644
Canada Vs Ireland,Ireland,3,Lorcan Tucker,run out (Kirton/Saad Bin Zafar),10,15,0,0,66.66,out,T20I # 2644
Canada Vs Ireland,Ireland,4,Harry Tector, b Saad Bin Zafar,7,5,0,0,140,out,T20I # 2644
Canada Vs Ireland,Ireland,5,Curtis Campher,c Johnson b Heyliger,4,7,0,0,57.14,out,T20I # 2644
Canada Vs Ireland,Ireland,6,George Dockrell,not out,30,23,2,1,130.43,not_out,T20I # 2644
Canada Vs Ireland,Ireland,7,Gareth Delany,c â€ Movva b Heyliger,3,7,0,0,42.85,out,T20I # 2644
Canada Vs Ireland,Ireland,8,Mark Adair,c & b Gordon,34,24,3,1,141.66,out,T20I # 2644
Canada Vs Ireland,Ireland,9,Barry McCarthy,not out,2,3,0,0,66.66,not_out,T20I # 2644
Oman Vs Namibia,Oman,1,Kashyap Prajapati,lbw b Trumpelmann,0,1,0,0,0,out,T20I # 2634
Oman Vs Namibia,Oman,2,Naseem Khushi,c Erasmus b Trumpelmann,6,6,1,0,100,out,T20I # 2634
Oman Vs Namibia,Oman,3,Aqib Ilyas,lbw b Trumpelmann,0,1,0,0,0,out,T20I # 2634
Oman Vs Namibia,Oman,4,Zeeshan Maqsood,lbw b Scholtz,22,20,4,0,110,out,T20I # 2634
Oman Vs Namibia,Oman,5,Khalid Kail,c & b Wiese,34,39,1,1,87.17,out,T20I # 2634
Oman Vs Namibia,Oman,6,Ayaan Khan,c Frylinck b Erasmus,15,21,0,1,71.42,out,T20I # 2634
Oman Vs Namibia,Oman,7,Mohammad Nadeem,lbw b Erasmus,6,10,0,0,60,out,T20I # 2634
Oman Vs Namibia,Oman,8,Mehran Khan,lbw b Wiese,7,8,1,0,87.5,out,T20I # 2634
Oman Vs Namibia,Oman,9,Shakeel Ahmed,c Trumpelmann b Wiese,11,9,2,0,122.22,out,T20I # 2634
Oman Vs Namibia,Oman,10,Kaleemullah,lbw b Trumpelmann,2,3,0,0,66.66,out,T20I # 2634
Oman Vs Namibia,Oman,11,Bilal Khan,not out,1,1,0,0,100,not_out,T20I # 2634
Oman Vs Namibia,Namibia,1,Michael van Lingen, b Bilal Khan,0,2,0,0,0,out,T20I # 2634
Oman Vs Namibia,Namibia,2,Nikolaas Davin,c Mohammad Nadeem b Aqib Ilyas,24,31,2,1,77.41,out,T20I # 2634
Oman Vs Namibia,Namibia,3,Jan Frylinck, b Mehran Khan,45,48,6,0,93.75,out,T20I # 2634
Oman Vs Namibia,Namibia,4,Gerhard Erasmus,c Zeeshan Maqsood b Ayaan Khan,13,16,1,0,81.25,out,T20I # 2634
Oman Vs Namibia,Namibia,5,JJ Smit,c Ayaan Khan b Mehran Khan,8,12,1,0,66.66,out,T20I # 2634
Oman Vs Namibia,Namibia,6,David Wiese,not out,9,8,0,1,112.5,not_out,T20I # 2634
Oman Vs Namibia,Namibia,7,Zane Green,lbw b Mehran Khan,0,2,0,0,0,out,T20I # 2634
Oman Vs Namibia,Namibia,8,Malan Kruger,not out,1,1,0,0,100,not_out,T20I # 2634
Scotland Vs Info,Scotland,1,George Munsey,not out,41,31,4,2,132.25,not_out,
Scotland Vs Info,Scotland,2,Michael Jones,not out,45,30,4,2,150,not_out,
India Vs Bangladesh,India,1,Rohit Sharma,c Jaker Ali b Shakib Al Hasan,23,11,3,1,209.09,out,T20I # 2716
India Vs Bangladesh,India,2,Virat Kohli, b Tanzim Hasan Sakib,37,28,1,3,132.14,out,T20I # 2716
India Vs Bangladesh,India,3,Rishabh Pant,c Tanzim Hasan Sakib b Rishad Hossain,36,24,4,2,150,out,T20I # 2716
India Vs Bangladesh,India,4,Suryakumar Yadav,c â€ Litton Das b Tanzim Hasan Sakib,6,2,0,1,300,out,T20I # 2716
India Vs Bangladesh,India,5,Shivam Dube, b Rishad Hossain,34,24,0,3,141.66,out,T20I # 2716
India Vs Bangladesh,India,6,Hardik Pandya,not out,50,27,4,3,185.18,not_out,T20I # 2716
India Vs Bangladesh,India,7,Axar Patel,not out,3,5,0,0,60,not_out,T20I # 2716
India Vs Bangladesh,Bangladesh,1,Litton Das,c Yadav b Pandya,13,10,1,1,130,out,T20I # 2716
India Vs Bangladesh,Bangladesh,2,Tanzid Hasan,lbw b Kuldeep Yadav,29,31,4,0,93.54,out,T20I # 2716
India Vs Bangladesh,Bangladesh,3,Najmul Hossain Shanto,c Arshdeep Singh b Bumrah,40,32,1,3,125,out,T20I # 2716
India Vs Bangladesh,Bangladesh,4,Towhid Hridoy,lbw b Kuldeep Yadav,4,6,0,0,66.66,out,T20I # 2716
India Vs Bangladesh,Bangladesh,5,Shakib Al Hasan,c Sharma b Kuldeep Yadav,11,7,1,1,157.14,out,T20I # 2716
India Vs Bangladesh,Bangladesh,6,Mahmudullah,c Patel b Arshdeep Singh,13,15,1,0,86.66,out,T20I # 2716
India Vs Bangladesh,Bangladesh,7,Jaker Ali,c Kohli b Arshdeep Singh,1,4,0,0,25,out,T20I # 2716
India Vs Bangladesh,Bangladesh,8,Rishad Hossain,c Sharma b Bumrah,24,10,1,3,240,out,T20I # 2716
India Vs Bangladesh,Bangladesh,9,Mahedi Hasan,not out,5,4,1,0,125,not_out,T20I # 2716
India Vs Bangladesh,Bangladesh,10,Tanzim Hasan Sakib,not out,1,1,0,0,100,not_out,T20I # 2716
Australia Vs Oman,Australia,1,David Warner,c Shoaib Khan b Kaleemullah,56,51,6,1,109.8,out,T20I # 2641
Australia Vs Oman,Australia,2,Travis Head,c Khalid Kail b Bilal Khan,12,10,2,0,120,out,T20I # 2641
Australia Vs Oman,Australia,3,Mitchell Marsh,c Shoaib Khan b Mehran Khan,14,21,2,0,66.66,out,T20I # 2641
Australia Vs Oman,Australia,4,Glenn Maxwell,c Aqib Ilyas b Mehran Khan,0,1,0,0,0,out,T20I # 2641
Australia Vs Oman,Australia,5,Marcus Stoinis,not out,67,36,2,6,186.11,not_out,T20I # 2641
Australia Vs Oman,Australia,6,Tim David,run out (Ayaan Khan/â€ Athavale),9,4,2,0,225,out,T20I # 2641
Australia Vs Oman,Oman,1,Kashyap Prajapati,lbw b Ellis,7,16,1,0,43.75,out,T20I # 2641
Australia Vs Oman,Oman,2,Pratik Athavale,lbw b Starc,0,1,0,0,0,out,T20I # 2641
Australia Vs Oman,Oman,3,Aqib Ilyas,c â€ Wade b Stoinis,18,18,2,1,100,out,T20I # 2641
Australia Vs Oman,Oman,4,Zeeshan Maqsood,c â€ Wade b Stoinis,1,7,0,0,14.28,out,T20I # 2641
Australia Vs Oman,Oman,5,Khalid Kail,c Maxwell b Starc,8,12,1,0,66.66,out,T20I # 2641
Australia Vs Oman,Oman,6,Ayaan Khan,c Hazlewood b Zampa,36,30,2,2,120,out,T20I # 2641
Australia Vs Oman,Oman,7,Shoaib Khan, b Zampa,0,4,0,0,0,out,T20I # 2641
Australia Vs Oman,Oman,8,Mehran Khan,c David b Stoinis,27,16,1,2,168.75,out,T20I # 2641
Australia Vs Oman,Oman,9,Shakeel Ahmed,c Warner b Ellis,11,10,1,0,110,out,T20I # 2641
Australia Vs Oman,Oman,10,Kaleemullah,not out,6,4,0,0,150,not_out,T20I # 2641
Australia Vs Oman,Oman,11,Bilal Khan,not out,1,2,0,0,50,not_out,T20I # 2641
West Indies Vs Afghanistan,West Indies,1,Brandon King, b Azmatullah Omarzai,7,6,1,0,116.66,out,T20I # 2703
West Indies Vs Afghanistan,West Indies,2,Johnson Charles,c Gulbadin Naib b Naveen-ul-Haq,43,27,8,0,159.25,out,T20I # 2703
West Indies Vs Afghanistan,West Indies,3,Nicholas Pooran,run out (Azmatullah Omarzai),98,53,6,8,184.9,out,T20I # 2703
West Indies Vs Afghanistan,West Indies,4,Shai Hope,c Najibullah Zadran b Gulbadin Naib,25,17,0,2,147.05,out,T20I # 2703
West Indies Vs Afghanistan,West Indies,5,Rovman Powell,c sub (Nangeyalia Kharote) b Gulbadin Naib,26,15,1,2,173.33,out,T20I # 2703
West Indies Vs Afghanistan,West Indies,6,Andre Russell,not out,3,3,0,0,100,not_out,T20I # 2703
West Indies Vs Afghanistan,West Indies,7,Sherfane Rutherford,not out,1,1,0,0,100,not_out,T20I # 2703
West Indies Vs Afghanistan,Afghanistan,1,Rahmanullah Gurbaz,c Russell b Hosein,0,3,0,0,0,out,T20I # 2703
West Indies Vs Afghanistan,Afghanistan,2,Ibrahim Zadran,c Charles b McCoy,38,28,5,1,135.71,out,T20I # 2703
West Indies Vs Afghanistan,Afghanistan,3,Gulbadin Naib,lbw b Motie,7,10,1,0,70,out,T20I # 2703
West Indies Vs Afghanistan,Afghanistan,4,Azmatullah Omarzai,c Powell b Hosein,23,19,1,1,121.05,out,T20I # 2703
West Indies Vs Afghanistan,Afghanistan,5,Najibullah Zadran,c Charles b McCoy,0,2,0,0,0,out,T20I # 2703
West Indies Vs Afghanistan,Afghanistan,6,Mohammad Nabi, b McCoy,1,4,0,0,25,out,T20I # 2703
West Indies Vs Afghanistan,Afghanistan,7,Karim Janat,run out (King/Hosein),14,9,0,1,155.55,out,T20I # 2703
West Indies Vs Afghanistan,Afghanistan,8,Rashid Khan,c Powell b Russell,18,11,2,1,163.63,out,T20I # 2703
West Indies Vs Afghanistan,Afghanistan,9,Noor Ahmad,c Rutherford b Motie,2,4,0,0,50,out,T20I # 2703
West Indies Vs Afghanistan,Afghanistan,10,Naveen-ul-Haq,c â€ Pooran b Joseph,4,6,1,0,66.66,out,T20I # 2703
West Indies Vs Afghanistan,Afghanistan,11,Fazalhaq Farooqi,not out,0,2,0,0,0,not_out,T20I # 2703
Uganda Vs New Zealand,Uganda,1,Ronak Patel,c â€ Conway b Santner,2,20,0,0,10,out,T20I # 2682
Uganda Vs New Zealand,Uganda,2,Simon Ssesazi,lbw b Boult,0,1,0,0,0,out,T20I # 2682
Uganda Vs New Zealand,Uganda,3,Robinson Obuya, b Boult,0,1,0,0,0,out,T20I # 2682
Uganda Vs New Zealand,Uganda,4,Alpesh Ramjani,lbw b Southee,0,6,0,0,0,out,T20I # 2682
Uganda Vs New Zealand,Uganda,5,Kenneth Waiswa, b Ferguson,11,18,2,0,61.11,out,T20I # 2682
Uganda Vs New Zealand,Uganda,6,Riazat Ali Shah,c â€ Conway b Ravindra,2,13,0,0,15.38,out,T20I # 2682
Uganda Vs New Zealand,Uganda,7,Dinesh Nakrani,c Phillips b Ravindra,4,13,0,0,30.76,out,T20I # 2682
Uganda Vs New Zealand,Uganda,8,Brian Masaba,not out,3,20,0,0,15,not_out,T20I # 2682
Uganda Vs New Zealand,Uganda,9,Fred Achelam,lbw b Southee,9,13,1,0,69.23,out,T20I # 2682
Uganda Vs New Zealand,Uganda,10,Juma Miyagi,lbw b Southee,0,1,0,0,0,out,T20I # 2682
Uganda Vs New Zealand,Uganda,11,Cosmas Kyewuta,c Mitchell b Santner,1,6,0,0,16.66,out,T20I # 2682
Uganda Vs New Zealand,New Zealand,1,Finn Allen,c Achelam b Riazat Ali Shah,9,17,1,0,52.94,out,T20I # 2682
Uganda Vs New Zealand,New Zealand,2,Devon Conway,not out,22,15,4,0,146.66,not_out,T20I # 2682
Uganda Vs New Zealand,New Zealand,3,Rachin Ravindra,not out,1,1,0,0,100,not_out,T20I # 2682
Bangladesh Vs Netherlands,Bangladesh,1,Tanzid Hasan,c de Leede b van Meekeren,35,26,5,1,134.61,out,T20I # 2677
Bangladesh Vs Netherlands,Bangladesh,2,Najmul Hossain Shanto,c Vikramjit Singh b Dutt,1,3,0,0,33.33,out,T20I # 2677
Bangladesh Vs Netherlands,Bangladesh,3,Litton Das,c Engelbrecht b Dutt,1,2,0,0,50,out,T20I # 2677
Bangladesh Vs Netherlands,Bangladesh,4,Shakib Al Hasan,not out,64,46,9,0,139.13,not_out,T20I # 2677
Bangladesh Vs Netherlands,Bangladesh,5,Towhid Hridoy, b Pringle,9,15,0,0,60,out,T20I # 2677
Bangladesh Vs Netherlands,Bangladesh,6,Mahmudullah,c Engelbrecht b van Meekeren,25,21,2,2,119.04,out,T20I # 2677
Bangladesh Vs Netherlands,Bangladesh,7,Jaker Ali,not out,14,7,3,0,200,not_out,T20I # 2677
Bangladesh Vs Netherlands,Netherlands,1,Michael Levitt,c Towhid Hridoy b Taskin Ahmed,18,16,2,1,112.5,out,T20I # 2677
Bangladesh Vs Netherlands,Netherlands,2,Max O'Dowd,c & b Tanzim Hasan Sakib,12,16,3,0,75,out,T20I # 2677
Bangladesh Vs Netherlands,Netherlands,3,Vikramjit Singh,st â€ Litton Das b Mahmudullah,26,16,0,3,162.5,out,T20I # 2677
Bangladesh Vs Netherlands,Netherlands,4,Sybrand Engelbrecht,c Tanzim Hasan Sakib b Rishad Hossain,33,22,3,1,150,out,T20I # 2677
Bangladesh Vs Netherlands,Netherlands,5,Scott Edwards,c Jaker Ali b Mustafizur Rahman,25,23,3,0,108.69,out,T20I # 2677
Bangladesh Vs Netherlands,Netherlands,6,Bas de Leede,st â€ Litton Das b Rishad Hossain,0,2,0,0,0,out,T20I # 2677
Bangladesh Vs Netherlands,Netherlands,7,Logan van Beek,c & b Rishad Hossain,2,3,0,0,66.66,out,T20I # 2677
Bangladesh Vs Netherlands,Netherlands,8,Tim Pringle, b Taskin Ahmed,1,10,0,0,10,out,T20I # 2677
Bangladesh Vs Netherlands,Netherlands,9,Aryan Dutt,not out,15,12,1,1,125,not_out,T20I # 2677
South Africa Vs Nepal,South Africa,1,Reeza Hendricks,c & b Airee,43,49,5,1,87.75,out,T20I # 2681
South Africa Vs Nepal,South Africa,2,Quinton de Kock,c & b Airee,10,11,1,0,90.9,out,T20I # 2681
South Africa Vs Nepal,South Africa,3,Aiden Markram, b Bhurtel,15,22,2,0,68.18,out,T20I # 2681
South Africa Vs Nepal,South Africa,4,Heinrich Klaasen,c Karan KC b Bhurtel,3,5,0,0,60,out,T20I # 2681
South Africa Vs Nepal,South Africa,5,David Miller,c Lamichhane b Airee,7,10,0,0,70,out,T20I # 2681
South Africa Vs Nepal,South Africa,6,Tristan Stubbs,not out,27,18,2,1,150,not_out,T20I # 2681
South Africa Vs Nepal,South Africa,7,Marco Jansen,c Sah b Bhurtel,1,4,0,0,25,out,T20I # 2681
South Africa Vs Nepal,South Africa,8,Kagiso Rabada,st â€ Aasif Sheikh b Bhurtel,0,1,0,0,0,out,T20I # 2681
South Africa Vs Nepal,Nepal,1,Kushal Bhurtel, b Shamsi,13,21,1,1,61.9,out,T20I # 2681
South Africa Vs Nepal,Nepal,2,Aasif Sheikh, b Shamsi,42,49,4,1,85.71,out,T20I # 2681
South Africa Vs Nepal,Nepal,3,Rohit Paudel, b Shamsi,0,2,0,0,0,out,T20I # 2681
South Africa Vs Nepal,Nepal,4,Anil Sah,c Jansen b Markram,27,24,3,1,112.5,out,T20I # 2681
South Africa Vs Nepal,Nepal,5,Dipendra Singh Airee,c â€ de Kock b Shamsi,6,11,0,0,54.54,out,T20I # 2681
South Africa Vs Nepal,Nepal,6,Kushal Malla, b Nortje,1,3,0,0,33.33,out,T20I # 2681
South Africa Vs Nepal,Nepal,7,Gulsan Jha,run out (â€ de Kock/Klaasen),6,6,1,0,100,out,T20I # 2681
South Africa Vs Nepal,Nepal,8,Sompal Kami,not out,8,4,0,1,200,not_out,T20I # 2681
Afghanistan Vs Bangladesh,Afghanistan,1,Rahmanullah Gurbaz,c Soumya Sarkar b Rishad Hossain,43,55,3,1,78.18,out,T20I # 2722
Afghanistan Vs Bangladesh,Afghanistan,2,Ibrahim Zadran,c Tanzim Hasan Sakib b Rishad Hossain,18,29,1,0,62.06,out,T20I # 2722
Afghanistan Vs Bangladesh,Afghanistan,3,Azmatullah Omarzai,c â€ Litton Das b Mustafizur Rahman,10,12,0,0,83.33,out,T20I # 2722
Afghanistan Vs Bangladesh,Afghanistan,4,Gulbadin Naib,c Soumya Sarkar b Rishad Hossain,4,3,1,0,133.33,out,T20I # 2722
Afghanistan Vs Bangladesh,Afghanistan,5,Mohammad Nabi,c Najmul Hossain Shanto b Taskin Ahmed,1,5,0,0,20,out,T20I # 2722
Afghanistan Vs Bangladesh,Afghanistan,6,Karim Janat,not out,7,6,1,0,116.66,not_out,T20I # 2722
Afghanistan Vs Bangladesh,Afghanistan,7,Rashid Khan,not out,19,10,0,3,190,not_out,T20I # 2722
Afghanistan Vs Bangladesh,Bangladesh,1,Litton Das,not out,54,49,5,1,110.2,not_out,T20I # 2722
Afghanistan Vs Bangladesh,Bangladesh,2,Tanzid Hasan,lbw b Fazalhaq Farooqi,0,3,0,0,0,out,T20I # 2722
Afghanistan Vs Bangladesh,Bangladesh,3,Najmul Hossain Shanto,c Mohammad Nabi b Naveen-ul-Haq,5,5,1,0,100,out,T20I # 2722
Afghanistan Vs Bangladesh,Bangladesh,4,Shakib Al Hasan,c & b Naveen-ul-Haq,0,1,0,0,0,out,T20I # 2722
Afghanistan Vs Bangladesh,Bangladesh,5,Soumya Sarkar, b Rashid Khan,10,10,1,0,100,out,T20I # 2722
Afghanistan Vs Bangladesh,Bangladesh,6,Towhid Hridoy,c Ibrahim Zadran b Rashid Khan,14,9,2,0,155.55,out,T20I # 2722
Afghanistan Vs Bangladesh,Bangladesh,7,Mahmudullah,c sub (â€ Mohammad Ishaq) b Rashid Khan,6,9,1,0,66.66,out,T20I # 2722
Afghanistan Vs Bangladesh,Bangladesh,8,Rishad Hossain, b Rashid Khan,0,1,0,0,0,out,T20I # 2722
Afghanistan Vs Bangladesh,Bangladesh,9,Tanzim Hasan Sakib,c Mohammad Nabi b Gulbadin Naib,3,10,0,0,30,out,T20I # 2722
Afghanistan Vs Bangladesh,Bangladesh,10,Taskin Ahmed, b Naveen-ul-Haq,2,9,0,0,22.22,out,T20I # 2722
Afghanistan Vs Bangladesh,Bangladesh,11,Mustafizur Rahman,lbw b Naveen-ul-Haq,0,1,0,0,0,out,T20I # 2722
Oman Vs Scotland,Oman,1,Pratik Athavale,c McMullen b Greaves,54,40,5,2,135,out,T20I # 2659
Oman Vs Scotland,Oman,2,Naseem Khushi,c Watt b Sole,10,9,0,1,111.11,out,T20I # 2659
Oman Vs Scotland,Oman,3,Aqib Ilyas,lbw b Sharif,16,6,2,1,266.66,out,T20I # 2659
Oman Vs Scotland,Oman,4,Zeeshan Maqsood,c â€ Cross b Watt,3,4,0,0,75,out,T20I # 2659
Oman Vs Scotland,Oman,5,Khalid Kail,run out (Sole/Watt),5,7,0,0,71.42,out,T20I # 2659
Oman Vs Scotland,Oman,6,Ayaan Khan,not out,41,39,4,0,105.12,not_out,T20I # 2659
Oman Vs Scotland,Oman,7,Mehran Khan,c â€ Cross b Sharif,13,10,2,0,130,out,T20I # 2659
Oman Vs Scotland,Oman,8,Rafiullah,c Sharif b Wheal,0,3,0,0,0,out,T20I # 2659
Oman Vs Scotland,Oman,9,Shakeel Ahmed,not out,3,2,0,0,150,not_out,T20I # 2659
Oman Vs Scotland,Scotland,1,George Munsey,c Shakeel Ahmed b Mehran Khan,41,20,2,4,205,out,T20I # 2659
Oman Vs Scotland,Scotland,2,Michael Jones,c Mehran Khan b Bilal Khan,16,13,1,2,123.07,out,T20I # 2659
Oman Vs Scotland,Scotland,3,Brandon McMullen,not out,61,31,9,2,196.77,not_out,T20I # 2659
Oman Vs Scotland,Scotland,4,Richie Berrington, b Aqib Ilyas,13,7,1,1,185.71,out,T20I # 2659
Oman Vs Scotland,Scotland,5,Matthew Cross,not out,15,8,0,2,187.5,not_out,T20I # 2659
England Vs Namibia,England,1,Phil Salt,c â€ Green b Wiese,11,8,2,0,137.5,out,T20I # 2688
England Vs Namibia,England,2,Jos Buttler, b Trumpelmann,0,4,0,0,0,out,T20I # 2688
England Vs Namibia,England,3,Jonny Bairstow,c â€ Green b Scholtz,31,18,3,2,172.22,out,T20I # 2688
England Vs Namibia,England,4,Harry Brook,not out,47,20,4,2,235,not_out,T20I # 2688
England Vs Namibia,England,5,Moeen Ali,c Davin b Trumpelmann,16,6,0,2,266.66,out,T20I # 2688
England Vs Namibia,England,6,Liam Livingstone,run out (Trumpelmann/â€ Green),13,4,0,2,325,out,T20I # 2688
England Vs Namibia,Namibia,1,Michael van Lingen,c Brook b Jordan,33,29,1,3,113.79,out,T20I # 2688
England Vs Namibia,Namibia,2,Nikolaas Davin,retired out ,18,16,1,1,112.5,out,T20I # 2688
England Vs Namibia,Namibia,3,David Wiese,c Brook b Archer,27,12,2,2,225,out,T20I # 2688
England Vs Namibia,Namibia,4,Gerhard Erasmus,not out,1,3,0,0,33.33,not_out,T20I # 2688
England Vs Namibia,Namibia,5,JJ Smit,not out,0,1,0,0,0,not_out,T20I # 2688
Afghanistan Vs New Zealand,Afghanistan,1,Rahmanullah Gurbaz, b Boult,80,56,5,5,142.85,out,T20I # 2645
Afghanistan Vs New Zealand,Afghanistan,2,Ibrahim Zadran, b Henry,44,41,3,2,107.31,out,T20I # 2645
Afghanistan Vs New Zealand,Afghanistan,3,Azmatullah Omarzai,c Ferguson b Henry,22,13,1,2,169.23,out,T20I # 2645
Afghanistan Vs New Zealand,Afghanistan,4,Mohammad Nabi,c Williamson b Ferguson,0,1,0,0,0,out,T20I # 2645
Afghanistan Vs New Zealand,Afghanistan,5,Rashid Khan,run out (â€ Conway/Boult),6,5,1,0,120,out,T20I # 2645
Afghanistan Vs New Zealand,Afghanistan,6,Karim Janat,not out,1,1,0,0,100,not_out,T20I # 2645
Afghanistan Vs New Zealand,Afghanistan,7,Gulbadin Naib,c Phillips b Boult,0,2,0,0,0,out,T20I # 2645
Afghanistan Vs New Zealand,Afghanistan,8,Najibullah Zadran,not out,1,1,0,0,100,not_out,T20I # 2645
Afghanistan Vs New Zealand,New Zealand,1,Finn Allen, b Fazalhaq Farooqi,0,1,0,0,0,out,T20I # 2645
Afghanistan Vs New Zealand,New Zealand,2,Devon Conway,c Ibrahim Zadran b Fazalhaq Farooqi,8,10,1,0,80,out,T20I # 2645
Afghanistan Vs New Zealand,New Zealand,3,Kane Williamson,c Gulbadin Naib b Rashid Khan,9,13,1,0,69.23,out,T20I # 2645
Afghanistan Vs New Zealand,New Zealand,4,Daryl Mitchell,c â€ Rahmanullah Gurbaz b Fazalhaq Farooqi,5,5,1,0,100,out,T20I # 2645
Afghanistan Vs New Zealand,New Zealand,5,Glenn Phillips,c Rashid Khan b Mohammad Nabi,18,18,2,0,100,out,T20I # 2645
Afghanistan Vs New Zealand,New Zealand,6,Mark Chapman, b Rashid Khan,4,7,0,0,57.14,out,T20I # 2645
Afghanistan Vs New Zealand,New Zealand,7,Michael Bracewell,lbw b Rashid Khan,0,1,0,0,0,out,T20I # 2645
Afghanistan Vs New Zealand,New Zealand,8,Mitchell Santner, b Mohammad Nabi,4,8,0,0,50,out,T20I # 2645
Afghanistan Vs New Zealand,New Zealand,9,Matt Henry,c Karim Janat b Fazalhaq Farooqi,12,17,0,1,70.58,out,T20I # 2645
Afghanistan Vs New Zealand,New Zealand,10,Lockie Ferguson,c & b Rashid Khan,2,5,0,0,40,out,T20I # 2645
Afghanistan Vs New Zealand,New Zealand,11,Trent Boult,not out,3,7,0,0,42.85,not_out,T20I # 2645
Namibia Vs Scotland,Namibia,1,JP Kotze,c McMullen b Wheal,0,3,0,0,0,out,T20I # 2643
Namibia Vs Scotland,Namibia,2,Nikolaas Davin,c Currie b Sole,20,12,4,0,166.66,out,T20I # 2643
Namibia Vs Scotland,Namibia,3,Jan Frylinck, b Currie,12,14,2,0,85.71,out,T20I # 2643
Namibia Vs Scotland,Namibia,4,Gerhard Erasmus,st â€ Cross b Leask,52,31,5,2,167.74,out,T20I # 2643
Namibia Vs Scotland,Namibia,5,Malan Kruger,c Jones b Greaves,2,8,0,0,25,out,T20I # 2643
Namibia Vs Scotland,Namibia,6,Zane Green,c Jones b Wheal,28,27,1,1,103.7,out,T20I # 2643
Namibia Vs Scotland,Namibia,7,David Wiese,c Watt b Wheal,14,13,0,1,107.69,out,T20I # 2643
Namibia Vs Scotland,Namibia,8,Ruben Trumpelmann,c Wheal b Currie,1,2,0,0,50,out,T20I # 2643
Namibia Vs Scotland,Namibia,9,JJ Smit,run out (Jones/Wheal),11,8,0,1,137.5,out,T20I # 2643
Namibia Vs Scotland,Namibia,10,Bernard Scholtz,not out,6,4,0,0,150,not_out,T20I # 2643
Namibia Vs Scotland,Namibia,11,Tangeni Lungameni,not out,0,0,0,0,-,not_out,T20I # 2643
Namibia Vs Scotland,Scotland,1,George Munsey,c Wiese b Lungameni,7,15,0,0,46.66,out,T20I # 2643
Namibia Vs Scotland,Scotland,2,Michael Jones,c â€ Green b Erasmus,26,20,3,1,130,out,T20I # 2643
Namibia Vs Scotland,Scotland,3,Brandon McMullen,st â€ Green b Erasmus,19,17,2,0,111.76,out,T20I # 2643
Namibia Vs Scotland,Scotland,4,Richie Berrington,not out,47,35,2,2,134.28,not_out,T20I # 2643
Namibia Vs Scotland,Scotland,5,Matthew Cross,lbw b Scholtz,3,5,0,0,60,out,T20I # 2643
Namibia Vs Scotland,Scotland,6,Michael Leask,c Wiese b Trumpelmann,35,17,0,4,205.88,out,T20I # 2643
Namibia Vs Scotland,Scotland,7,Chris Greaves,not out,4,3,0,0,133.33,not_out,T20I # 2643
Australia Vs England,Australia,1,Travis Head, b Archer,34,18,2,3,188.88,out,T20I # 2650
Australia Vs England,Australia,2,David Warner, b Ali,39,16,2,4,243.75,out,T20I # 2650
Australia Vs England,Australia,3,Mitchell Marsh,st â€ Buttler b Livingstone,35,25,2,2,140,out,T20I # 2650
Australia Vs England,Australia,4,Glenn Maxwell,c Salt b Rashid,28,25,3,1,112,out,T20I # 2650
Australia Vs England,Australia,5,Marcus Stoinis,c Brook b Jordan,30,17,2,2,176.47,out,T20I # 2650
Australia Vs England,Australia,6,Tim David,c Livingstone b Jordan,11,8,0,1,137.5,out,T20I # 2650
Australia Vs England,Australia,7,Matthew Wade,not out,17,10,3,0,170,not_out,T20I # 2650
Australia Vs England,Australia,8,Pat Cummins,run out (â€ Buttler/Jordan),0,1,0,0,0,out,T20I # 2650
Australia Vs England,Australia,9,Mitchell Starc,not out,0,0,0,0,-,not_out,T20I # 2650
Australia Vs England,England,1,Phil Salt, b Zampa,37,23,4,2,160.86,out,T20I # 2650
Australia Vs England,England,2,Jos Buttler,c Cummins b Zampa,42,28,5,2,150,out,T20I # 2650
Australia Vs England,England,3,Will Jacks,c Starc b Stoinis,10,10,1,0,100,out,T20I # 2650
Australia Vs England,England,4,Jonny Bairstow,c Maxwell b Hazlewood,7,13,0,0,53.84,out,T20I # 2650
Australia Vs England,England,5,Moeen Ali,c Warner b Cummins,25,15,0,3,166.66,out,T20I # 2650
Australia Vs England,England,6,Harry Brook,not out,20,16,2,0,125,not_out,T20I # 2650
Australia Vs England,England,7,Liam Livingstone,c Starc b Cummins,15,12,0,1,125,out,T20I # 2650
Australia Vs England,England,8,Chris Jordan,not out,1,3,0,0,33.33,not_out,T20I # 2650
West Indies Vs Uganda,West Indies,1,Brandon King, b Ramjani,13,8,2,0,162.5,out,T20I # 2651
West Indies Vs Uganda,West Indies,2,Johnson Charles,c Ramjani b Nakrani,44,42,4,2,104.76,out,T20I # 2651
West Indies Vs Uganda,West Indies,3,Nicholas Pooran,c & b Masaba,22,17,0,3,129.41,out,T20I # 2651
West Indies Vs Uganda,West Indies,4,Rovman Powell,c Obuya b Masaba,23,18,1,1,127.77,out,T20I # 2651
West Indies Vs Uganda,West Indies,5,Sherfane Rutherford, b Kyewuta,22,16,2,1,137.5,out,T20I # 2651
West Indies Vs Uganda,West Indies,6,Andre Russell,not out,30,17,6,0,176.47,not_out,T20I # 2651
West Indies Vs Uganda,West Indies,7,Romario Shepherd,not out,5,5,0,0,100,not_out,T20I # 2651
West Indies Vs Uganda,Uganda,1,Roger Mukasa,lbw b Hosein,0,2,0,0,0,out,T20I # 2651
West Indies Vs Uganda,Uganda,2,Simon Ssesazi,c Joseph b Shepherd,4,3,1,0,133.33,out,T20I # 2651
West Indies Vs Uganda,Uganda,3,Robinson Obuya, b Russell,6,8,1,0,75,out,T20I # 2651
West Indies Vs Uganda,Uganda,4,Alpesh Ramjani,lbw b Hosein,5,6,1,0,83.33,out,T20I # 2651
West Indies Vs Uganda,Uganda,5,Kenneth Waiswa,lbw b Hosein,1,10,0,0,10,out,T20I # 2651
West Indies Vs Uganda,Uganda,6,Riazat Ali Shah, b Hosein,3,8,0,0,37.5,out,T20I # 2651
West Indies Vs Uganda,Uganda,7,Dinesh Nakrani, b Hosein,0,2,0,0,0,out,T20I # 2651
West Indies Vs Uganda,Uganda,8,Brian Masaba,c â€ Pooran b Joseph,1,4,0,0,25,out,T20I # 2651
West Indies Vs Uganda,Uganda,9,Juma Miyagi,not out,13,20,0,0,65,not_out,T20I # 2651
West Indies Vs Uganda,Uganda,10,Cosmas Kyewuta,lbw b Motie,1,6,0,0,16.66,out,T20I # 2651
West Indies Vs Uganda,Uganda,11,Frank Nsubuga, b Joseph,0,3,0,0,0,out,T20I # 2651
West Indies Vs South Africa,West Indies,1,Kyle Mayers,c Stubbs b Shamsi,35,34,3,2,102.94,out,T20I # 2720
West Indies Vs South Africa,West Indies,2,Shai Hope,c Stubbs b Jansen,0,1,0,0,0,out,T20I # 2720
West Indies Vs South Africa,West Indies,3,Nicholas Pooran,c Jansen b Markram,1,3,0,0,33.33,out,T20I # 2720
West Indies Vs South Africa,West Indies,4,Roston Chase,c Rabada b Shamsi,52,42,3,2,123.8,out,T20I # 2720
West Indies Vs South Africa,West Indies,5,Rovman Powell,st â€ de Kock b Maharaj,1,2,0,0,50,out,T20I # 2720
West Indies Vs South Africa,West Indies,6,Sherfane Rutherford,c Markram b Shamsi,0,4,0,0,0,out,T20I # 2720
West Indies Vs South Africa,West Indies,7,Andre Russell,run out (Nortje),15,9,0,2,166.66,out,T20I # 2720
West Indies Vs South Africa,West Indies,8,Akeal Hosein,c & b Rabada,6,11,1,0,54.54,out,T20I # 2720
West Indies Vs South Africa,West Indies,9,Alzarri Joseph,not out,11,7,0,1,157.14,not_out,T20I # 2720
West Indies Vs South Africa,West Indies,10,Gudakesh Motie,not out,4,7,1,0,57.14,not_out,T20I # 2720
West Indies Vs South Africa,South Africa,1,Quinton de Kock,c Rutherford b Russell,12,7,3,0,171.42,out,T20I # 2720
West Indies Vs South Africa,South Africa,2,Reeza Hendricks,c â€ Pooran b Russell,0,1,0,0,0,out,T20I # 2720
West Indies Vs South Africa,South Africa,3,Aiden Markram,c Mayers b Joseph,18,15,2,0,120,out,T20I # 2720
West Indies Vs South Africa,South Africa,4,Tristan Stubbs,c Mayers b Chase,29,27,4,0,107.4,out,T20I # 2720
West Indies Vs South Africa,South Africa,5,Heinrich Klaasen,c â€ Pooran b Joseph,22,10,3,1,220,out,T20I # 2720
West Indies Vs South Africa,South Africa,6,David Miller, b Chase,4,14,0,0,28.57,out,T20I # 2720
West Indies Vs South Africa,South Africa,7,Marco Jansen,not out,21,14,1,1,150,not_out,T20I # 2720
West Indies Vs South Africa,South Africa,8,Keshav Maharaj,c Joseph b Chase,2,6,0,0,33.33,out,T20I # 2720
West Indies Vs South Africa,South Africa,9,Kagiso Rabada,not out,5,3,1,0,166.66,not_out,T20I # 2720
Nepal Vs Netherlands,Nepal,1,Kushal Bhurtel,lbw b van Beek,7,10,1,0,70,out,T20I # 2638
Nepal Vs Netherlands,Nepal,2,Aasif Sheikh,c Kingma b Pringle,4,8,1,0,50,out,T20I # 2638
Nepal Vs Netherlands,Nepal,3,Anil Sah,c van Beek b Pringle,11,12,2,0,91.66,out,T20I # 2638
Nepal Vs Netherlands,Nepal,4,Rohit Paudel,c O'Dowd b Pringle,35,37,5,0,94.59,out,T20I # 2638
Nepal Vs Netherlands,Nepal,5,Kushal Malla,c O'Dowd b van Meekeren,9,9,1,0,100,out,T20I # 2638
Nepal Vs Netherlands,Nepal,6,Dipendra Singh Airee,c van Beek b de Leede,1,6,0,0,16.66,out,T20I # 2638
Nepal Vs Netherlands,Nepal,7,Sompal Kami, b van Meekeren,0,5,0,0,0,out,T20I # 2638
Nepal Vs Netherlands,Nepal,8,Gulsan Jha, b van Beek,14,15,0,1,93.33,out,T20I # 2638
Nepal Vs Netherlands,Nepal,9,Karan KC,c Kingma b de Leede,17,12,0,2,141.66,out,T20I # 2638
Nepal Vs Netherlands,Nepal,10,Sagar Dhakal,not out,0,1,0,0,0,not_out,T20I # 2638
Nepal Vs Netherlands,Nepal,11,Abinash Bohara,c & b van Beek,0,1,0,0,0,out,T20I # 2638
Nepal Vs Netherlands,Netherlands,1,Michael Levitt,c Airee b Sompal Kami,1,3,0,0,33.33,out,T20I # 2638
Nepal Vs Netherlands,Netherlands,2,Max O'Dowd,not out,54,48,4,1,112.5,not_out,T20I # 2638
Nepal Vs Netherlands,Netherlands,3,Vikramjit Singh,lbw b Airee,22,28,4,0,78.57,out,T20I # 2638
Nepal Vs Netherlands,Netherlands,4,Sybrand Engelbrecht,run out (Sompal Kami),14,16,1,0,87.5,out,T20I # 2638
Nepal Vs Netherlands,Netherlands,5,Scott Edwards, b Bohara,5,8,0,0,62.5,out,T20I # 2638
Nepal Vs Netherlands,Netherlands,6,Bas de Leede,not out,11,10,1,0,110,not_out,T20I # 2638
Scotland Vs Australia,Scotland,1,George Munsey,c Ellis b Maxwell,35,23,2,3,152.17,out,T20I # 2689
Scotland Vs Australia,Scotland,2,Michael Jones, b Agar,2,3,0,0,66.66,out,T20I # 2689
Scotland Vs Australia,Scotland,3,Brandon McMullen,c Starc b Zampa,60,34,2,6,176.47,out,T20I # 2689
Scotland Vs Australia,Scotland,4,Richie Berrington,not out,42,31,1,2,135.48,not_out,T20I # 2689
Scotland Vs Australia,Scotland,5,Matthew Cross,c Agar b Maxwell,18,11,1,1,163.63,out,T20I # 2689
Scotland Vs Australia,Scotland,6,Michael Leask,c Starc b Ellis,5,8,0,0,62.5,out,T20I # 2689
Scotland Vs Australia,Scotland,7,Chris Greaves,not out,9,10,0,0,90,not_out,T20I # 2689
Scotland Vs Australia,Australia,1,Travis Head,c Jones b Sharif,68,49,5,4,138.77,out,T20I # 2689
Scotland Vs Australia,Australia,2,David Warner,c Berrington b Wheal,1,4,0,0,25,out,T20I # 2689
Scotland Vs Australia,Australia,3,Mitchell Marsh,c sub (C Tear) b Sharif,8,9,1,0,88.88,out,T20I # 2689
Scotland Vs Australia,Australia,4,Glenn Maxwell, b Watt,11,8,0,1,137.5,out,T20I # 2689
Scotland Vs Australia,Australia,5,Marcus Stoinis, b Watt,59,29,9,2,203.44,out,T20I # 2689
Scotland Vs Australia,Australia,6,Tim David,not out,24,14,2,1,171.42,not_out,T20I # 2689
Scotland Vs Australia,Australia,7,Matthew Wade,not out,4,5,0,0,80,not_out,T20I # 2689
U.S.A. Vs India,U.S.A.,1,Shayan Jahangir,lbw b Arshdeep Singh,0,1,0,0,0,out,T20I # 2671
U.S.A. Vs India,U.S.A.,2,Steven Taylor, b Patel,24,30,0,2,80,out,T20I # 2671
U.S.A. Vs India,U.S.A.,3,Andries Gous,c Pandya b Arshdeep Singh,2,5,0,0,40,out,T20I # 2671
U.S.A. Vs India,U.S.A.,4,Aaron Jones,c Mohammed Siraj b Pandya,11,22,0,1,50,out,T20I # 2671
U.S.A. Vs India,U.S.A.,5,Nitish Kumar,c Mohammed Siraj b Arshdeep Singh,27,23,2,1,117.39,out,T20I # 2671
U.S.A. Vs India,U.S.A.,6,Corey Anderson,c â€ Pant b Pandya,15,12,1,1,125,out,T20I # 2671
U.S.A. Vs India,U.S.A.,7,Harmeet Singh,c â€ Pant b Arshdeep Singh,10,10,0,1,100,out,T20I # 2671
U.S.A. Vs India,U.S.A.,8,Shadley van Schalkwyk,not out,11,10,1,0,110,not_out,T20I # 2671
U.S.A. Vs India,U.S.A.,9,Jasdeep Singh,run out (â€ Pant/Mohammed Siraj),2,7,0,0,28.57,out,T20I # 2671
U.S.A. Vs India,India,1,Rohit Sharma,c Harmeet Singh b Netravalkar,3,6,0,0,50,out,T20I # 2671
U.S.A. Vs India,India,2,Virat Kohli,c â€ Gous b Netravalkar,0,1,0,0,0,out,T20I # 2671
U.S.A. Vs India,India,3,Rishabh Pant, b Ali Khan,18,20,1,1,90,out,T20I # 2671
U.S.A. Vs India,India,4,Suryakumar Yadav,not out,50,49,2,2,102.04,not_out,T20I # 2671
U.S.A. Vs India,India,5,Shivam Dube,not out,31,35,1,1,88.57,not_out,T20I # 2671
Bangladesh Vs Australia,Bangladesh,1,Tanzid Hasan, b Starc,0,3,0,0,0,out,T20I # 2711
Bangladesh Vs Australia,Bangladesh,2,Litton Das, b Zampa,16,25,2,0,64,out,T20I # 2711
Bangladesh Vs Australia,Bangladesh,3,Najmul Hossain Shanto,lbw b Zampa,41,36,5,1,113.88,out,T20I # 2711
Bangladesh Vs Australia,Bangladesh,4,Rishad Hossain,c Zampa b Maxwell,2,4,0,0,50,out,T20I # 2711
Bangladesh Vs Australia,Bangladesh,5,Towhid Hridoy,c Hazlewood b Cummins,40,28,2,2,142.85,out,T20I # 2711
Bangladesh Vs Australia,Bangladesh,6,Shakib Al Hasan,c & b Stoinis,8,10,0,0,80,out,T20I # 2711
Bangladesh Vs Australia,Bangladesh,7,Mahmudullah, b Cummins,2,3,0,0,66.66,out,T20I # 2711
Bangladesh Vs Australia,Bangladesh,8,Mahedi Hasan,c Zampa b Cummins,0,1,0,0,0,out,T20I # 2711
Bangladesh Vs Australia,Bangladesh,9,Taskin Ahmed,not out,13,7,1,0,185.71,not_out,T20I # 2711
Bangladesh Vs Australia,Bangladesh,10,Tanzim Hasan Sakib,not out,4,3,0,0,133.33,not_out,T20I # 2711
Bangladesh Vs Australia,Australia,1,David Warner,not out,53,35,5,3,151.42,not_out,T20I # 2711
Bangladesh Vs Australia,Australia,2,Travis Head, b Rishad Hossain,31,21,3,2,147.61,out,T20I # 2711
Bangladesh Vs Australia,Australia,3,Mitchell Marsh,lbw b Rishad Hossain,1,6,0,0,16.66,out,T20I # 2711
Bangladesh Vs Australia,Australia,4,Glenn Maxwell,not out,14,6,1,1,233.33,not_out,T20I # 2711
Afghanistan Vs Australia,Afghanistan,1,Rahmanullah Gurbaz,c Warner b Stoinis,60,49,4,4,122.44,out,T20I # 2717
Afghanistan Vs Australia,Afghanistan,2,Ibrahim Zadran,c Marsh b Zampa,51,48,6,0,106.25,out,T20I # 2717
Afghanistan Vs Australia,Afghanistan,3,Azmatullah Omarzai, b Zampa,2,3,0,0,66.66,out,T20I # 2717
Afghanistan Vs Australia,Afghanistan,4,Karim Janat,c David b Cummins,13,9,0,1,144.44,out,T20I # 2717
Afghanistan Vs Australia,Afghanistan,5,Rashid Khan,c David b Cummins,2,5,0,0,40,out,T20I # 2717
Afghanistan Vs Australia,Afghanistan,6,Mohammad Nabi,not out,10,4,2,0,250,not_out,T20I # 2717
Afghanistan Vs Australia,Afghanistan,7,Gulbadin Naib,c Maxwell b Cummins,0,1,0,0,0,out,T20I # 2717
Afghanistan Vs Australia,Afghanistan,8,Nangeyalia Kharote,not out,1,1,0,0,100,not_out,T20I # 2717
Afghanistan Vs Australia,Australia,1,Travis Head, b Naveen-ul-Haq,0,3,0,0,0,out,T20I # 2717
Afghanistan Vs Australia,Australia,2,David Warner,c Noor Ahmad b Mohammad Nabi,3,8,0,0,37.5,out,T20I # 2717
Afghanistan Vs Australia,Australia,3,Mitchell Marsh,c Mohammad Nabi b Naveen-ul-Haq,12,9,2,0,133.33,out,T20I # 2717
Afghanistan Vs Australia,Australia,4,Glenn Maxwell,c Noor Ahmad b Gulbadin Naib,59,41,6,3,143.9,out,T20I # 2717
Afghanistan Vs Australia,Australia,5,Marcus Stoinis,c â€ Rahmanullah Gurbaz b Gulbadin Naib,11,17,1,0,64.7,out,T20I # 2717
Afghanistan Vs Australia,Australia,6,Tim David,lbw b Gulbadin Naib,2,4,0,0,50,out,T20I # 2717
Afghanistan Vs Australia,Australia,7,Matthew Wade,c Karim Janat b Rashid Khan,5,7,0,0,71.42,out,T20I # 2717
Afghanistan Vs Australia,Australia,8,Pat Cummins, b Gulbadin Naib,3,9,0,0,33.33,out,T20I # 2717
Afghanistan Vs Australia,Australia,9,Ashton Agar,c Gulbadin Naib b Naveen-ul-Haq,2,5,0,0,40,out,T20I # 2717
Afghanistan Vs Australia,Australia,10,Adam Zampa,c Mohammad Nabi b Azmatullah Omarzai,9,7,1,0,128.57,out,T20I # 2717
Afghanistan Vs Australia,Australia,11,Josh Hazlewood,not out,5,7,0,0,71.42,not_out,T20I # 2717
Sri Lanka Vs Bangladesh,Sri Lanka,1,Pathum Nissanka,c Najmul Hossain Shanto b Mustafizur Rahman,47,28,7,1,167.85,out,T20I # 2646
Sri Lanka Vs Bangladesh,Sri Lanka,2,Kusal Mendis, b Taskin Ahmed,10,8,2,0,125,out,T20I # 2646
Sri Lanka Vs Bangladesh,Sri Lanka,3,Kamindu Mendis,c Tanzim Hasan Sakib b Mustafizur Rahman,4,5,1,0,80,out,T20I # 2646
Sri Lanka Vs Bangladesh,Sri Lanka,4,Dhananjaya de Silva,st â€ Litton Das b Rishad Hossain,21,26,1,0,80.76,out,T20I # 2646
Sri Lanka Vs Bangladesh,Sri Lanka,5,Charith Asalanka,c Shakib Al Hasan b Rishad Hossain,19,21,0,1,90.47,out,T20I # 2646
Sri Lanka Vs Bangladesh,Sri Lanka,6,Wanindu Hasaranga,c Soumya Sarkar b Rishad Hossain,0,1,0,0,0,out,T20I # 2646
Sri Lanka Vs Bangladesh,Sri Lanka,7,Angelo Mathews,c Mustafizur Rahman b Tanzim Hasan Sakib,16,19,1,0,84.21,out,T20I # 2646
Sri Lanka Vs Bangladesh,Sri Lanka,8,Dasun Shanaka,c â€ Litton Das b Taskin Ahmed,3,7,0,0,42.85,out,T20I # 2646
Sri Lanka Vs Bangladesh,Sri Lanka,9,Maheesh Theekshana,c Tanzim Hasan Sakib b Mustafizur Rahman,0,3,0,0,0,out,T20I # 2646
Sri Lanka Vs Bangladesh,Sri Lanka,10,Matheesha Pathirana,not out,0,1,0,0,0,not_out,T20I # 2646
Sri Lanka Vs Bangladesh,Sri Lanka,11,Nuwan Thushara,not out,0,1,0,0,0,not_out,T20I # 2646
Sri Lanka Vs Bangladesh,Bangladesh,1,Tanzid Hasan, b Thushara,3,6,0,0,50,out,T20I # 2646
Sri Lanka Vs Bangladesh,Bangladesh,2,Soumya Sarkar,c Hasaranga b de Silva,0,2,0,0,0,out,T20I # 2646
Sri Lanka Vs Bangladesh,Bangladesh,3,Litton Das,lbw b Hasaranga,36,38,2,1,94.73,out,T20I # 2646
Sri Lanka Vs Bangladesh,Bangladesh,4,Najmul Hossain Shanto,c Asalanka b Thushara,7,13,0,0,53.84,out,T20I # 2646
Sri Lanka Vs Bangladesh,Bangladesh,5,Towhid Hridoy,lbw b Hasaranga,40,20,1,4,200,out,T20I # 2646
Sri Lanka Vs Bangladesh,Bangladesh,6,Shakib Al Hasan,c Theekshana b Pathirana,8,14,0,0,57.14,out,T20I # 2646
Sri Lanka Vs Bangladesh,Bangladesh,7,Mahmudullah,not out,16,13,0,1,123.07,not_out,T20I # 2646
Sri Lanka Vs Bangladesh,Bangladesh,8,Rishad Hossain, b Thushara,1,3,0,0,33.33,out,T20I # 2646
Sri Lanka Vs Bangladesh,Bangladesh,9,Taskin Ahmed,lbw b Thushara,0,1,0,0,0,out,T20I # 2646
Sri Lanka Vs Bangladesh,Bangladesh,10,Tanzim Hasan Sakib,not out,1,4,0,0,25,not_out,T20I # 2646
South Africa Vs U.S.A.,South Africa,1,Quinton de Kock,c Shayan Jahangir b Harmeet Singh,74,40,7,5,185,out,T20I # 2708
South Africa Vs U.S.A.,South Africa,2,Reeza Hendricks,c Anderson b Netravalkar,11,11,0,1,100,out,T20I # 2708
South Africa Vs U.S.A.,South Africa,3,Aiden Markram,c Ali Khan b Netravalkar,46,32,4,1,143.75,out,T20I # 2708
South Africa Vs U.S.A.,South Africa,4,David Miller,c & b Harmeet Singh,0,1,0,0,0,out,T20I # 2708
South Africa Vs U.S.A.,South Africa,5,Heinrich Klaasen,not out,36,22,0,3,163.63,not_out,T20I # 2708
South Africa Vs U.S.A.,South Africa,6,Tristan Stubbs,not out,20,16,2,0,125,not_out,T20I # 2708
South Africa Vs U.S.A.,U.S.A.,1,Steven Taylor,c Klaasen b Rabada,24,14,4,1,171.42,out,T20I # 2708
South Africa Vs U.S.A.,U.S.A.,2,Andries Gous,not out,80,47,5,5,170.21,not_out,T20I # 2708
South Africa Vs U.S.A.,U.S.A.,3,Nitish Kumar,c Stubbs b Rabada,8,6,0,1,133.33,out,T20I # 2708
South Africa Vs U.S.A.,U.S.A.,4,Aaron Jones,c â€ de Kock b Maharaj,0,5,0,0,0,out,T20I # 2708
South Africa Vs U.S.A.,U.S.A.,5,Corey Anderson, b Nortje,12,12,0,1,100,out,T20I # 2708
South Africa Vs U.S.A.,U.S.A.,6,Shayan Jahangir,lbw b Shamsi,3,9,0,0,33.33,out,T20I # 2708
South Africa Vs U.S.A.,U.S.A.,7,Harmeet Singh,c Stubbs b Rabada,38,22,2,3,172.72,out,T20I # 2708
South Africa Vs U.S.A.,U.S.A.,8,Jasdeep Singh,not out,2,6,0,0,33.33,not_out,T20I # 2708
Netherlands Vs South Africa,Netherlands,1,Michael Levitt,c â€ de Kock b Jansen,0,3,0,0,0,out,T20I # 2649
Netherlands Vs South Africa,Netherlands,2,Max O'Dowd,c Jansen b Baartman,2,6,0,0,33.33,out,T20I # 2649
Netherlands Vs South Africa,Netherlands,3,Vikramjit Singh, b Jansen,12,17,1,0,70.58,out,T20I # 2649
Netherlands Vs South Africa,Netherlands,4,Sybrand Engelbrecht,c Jansen b Baartman,40,45,2,1,88.88,out,T20I # 2649
Netherlands Vs South Africa,Netherlands,5,Bas de Leede,c Miller b Nortje,6,16,0,0,37.5,out,T20I # 2649
Netherlands Vs South Africa,Netherlands,6,Scott Edwards,run out (Markram),10,9,0,1,111.11,out,T20I # 2649
Netherlands Vs South Africa,Netherlands,7,Teja Nidamanuru,c Klaasen b Nortje,0,1,0,0,0,out,T20I # 2649
Netherlands Vs South Africa,Netherlands,8,Logan van Beek,c Nortje b Baartman,23,22,3,0,104.54,out,T20I # 2649
Netherlands Vs South Africa,Netherlands,9,Tim Pringle,c Markram b Baartman,0,2,0,0,0,out,T20I # 2649
Netherlands Vs South Africa,Netherlands,10,Paul van Meekeren,not out,1,1,0,0,100,not_out,T20I # 2649
Netherlands Vs South Africa,South Africa,1,Reeza Hendricks, b van Beek,3,10,0,0,30,out,T20I # 2649
Netherlands Vs South Africa,South Africa,2,Quinton de Kock,run out (van Meekeren/O'Dowd),0,0,0,0,-,out,T20I # 2649
Netherlands Vs South Africa,South Africa,3,Aiden Markram,c â€ Edwards b Kingma,0,3,0,0,0,out,T20I # 2649
Netherlands Vs South Africa,South Africa,4,Tristan Stubbs,c van Beek b de Leede,33,37,1,1,89.18,out,T20I # 2649
Netherlands Vs South Africa,South Africa,5,Heinrich Klaasen,c Pringle b Kingma,4,7,0,0,57.14,out,T20I # 2649
Netherlands Vs South Africa,South Africa,6,David Miller,not out,59,51,3,4,115.68,not_out,T20I # 2649
Netherlands Vs South Africa,South Africa,7,Marco Jansen, b van Beek,3,5,0,0,60,out,T20I # 2649
Netherlands Vs South Africa,South Africa,8,Keshav Maharaj,not out,0,1,0,0,0,not_out,T20I # 2649
Canada Vs U.S.A.,Canada,1,Aaron Johnson,c Kumar b Harmeet Singh,23,16,5,0,143.75,out,T20I # 2632
Canada Vs U.S.A.,Canada,2,Navneet Dhaliwal,c Jasdeep Singh b Anderson,61,44,6,3,138.63,out,T20I # 2632
Canada Vs U.S.A.,Canada,3,Pargat Singh,run out (Jasdeep Singh/â€ Patel),5,7,0,0,71.42,out,T20I # 2632
Canada Vs U.S.A.,Canada,4,Nicholas Kirton,c Anderson b Ali Khan,51,31,3,2,164.51,out,T20I # 2632
Canada Vs U.S.A.,Canada,5,Shreyas Movva,not out,32,16,2,2,200,not_out,T20I # 2632
Canada Vs U.S.A.,Canada,6,Dilpreet Bajwa,run out (Taylor/â€ Patel),11,5,1,1,220,out,T20I # 2632
Canada Vs U.S.A.,Canada,7,Dilon Heyliger,not out,1,1,0,0,100,not_out,T20I # 2632
Canada Vs U.S.A.,U.S.A.,1,Steven Taylor,lbw b Kaleem Sana,0,2,0,0,0,out,T20I # 2632
Canada Vs U.S.A.,U.S.A.,2,Monank Patel,c â€ Movva b Heyliger,16,16,2,0,100,out,T20I # 2632
Canada Vs U.S.A.,U.S.A.,3,Andries Gous,c Johnson b Dutta,65,46,7,3,141.3,out,T20I # 2632
Canada Vs U.S.A.,U.S.A.,4,Aaron Jones,not out,94,40,4,10,235,not_out,T20I # 2632
Canada Vs U.S.A.,U.S.A.,5,Corey Anderson,not out,3,5,0,0,60,not_out,T20I # 2632
West Indies Vs England,West Indies,1,Brandon King,not out,23,13,3,1,176.92,not_out,T20I # 2709
West Indies Vs England,West Indies,2,Johnson Charles,c Brook b Ali,38,34,4,1,111.76,out,T20I # 2709
West Indies Vs England,West Indies,3,Nicholas Pooran,c â€ Buttler b Archer,36,32,4,1,112.5,out,T20I # 2709
West Indies Vs England,West Indies,4,Rovman Powell,c Wood b Livingstone,36,17,0,5,211.76,out,T20I # 2709
West Indies Vs England,West Indies,5,Andre Russell,c Salt b Rashid,1,2,0,0,50,out,T20I # 2709
West Indies Vs England,West Indies,6,Sherfane Rutherford,not out,28,15,1,2,186.66,not_out,T20I # 2709
West Indies Vs England,West Indies,7,Romario Shepherd,not out,5,7,1,0,71.42,not_out,T20I # 2709
West Indies Vs England,England,1,Phil Salt,not out,87,47,7,5,185.1,not_out,T20I # 2709
West Indies Vs England,England,2,Jos Buttler,lbw b Chase,25,22,2,0,113.63,out,T20I # 2709
West Indies Vs England,England,3,Moeen Ali,c Charles b Russell,13,10,2,0,130,out,T20I # 2709
West Indies Vs England,England,4,Jonny Bairstow,not out,48,26,5,2,184.61,not_out,T20I # 2709
India Vs Australia,India,1,Rohit Sharma, b Starc,92,41,7,8,224.39,out,T20I # 2721
India Vs Australia,India,2,Virat Kohli,c David b Hazlewood,0,5,0,0,0,out,T20I # 2721
India Vs Australia,India,3,Rishabh Pant,c Hazlewood b Stoinis,15,14,1,1,107.14,out,T20I # 2721
India Vs Australia,India,4,Suryakumar Yadav,c â€ Wade b Starc,31,16,3,2,193.75,out,T20I # 2721
India Vs Australia,India,5,Shivam Dube,c Warner b Stoinis,28,22,2,1,127.27,out,T20I # 2721
India Vs Australia,India,6,Hardik Pandya,not out,27,17,1,2,158.82,not_out,T20I # 2721
India Vs Australia,India,7,Ravindra Jadeja,not out,9,5,0,1,180,not_out,T20I # 2721
India Vs Australia,Australia,1,David Warner,c Yadav b Arshdeep Singh,6,6,1,0,100,out,T20I # 2721
India Vs Australia,Australia,2,Travis Head,c Sharma b Bumrah,76,43,9,4,176.74,out,T20I # 2721
India Vs Australia,Australia,3,Mitchell Marsh,c Patel b Kuldeep Yadav,37,28,3,2,132.14,out,T20I # 2721
India Vs Australia,Australia,4,Glenn Maxwell, b Kuldeep Yadav,20,12,2,1,166.66,out,T20I # 2721
India Vs Australia,Australia,5,Marcus Stoinis,c Pandya b Patel,2,4,0,0,50,out,T20I # 2721
India Vs Australia,Australia,6,Tim David,c Bumrah b Arshdeep Singh,15,11,1,1,136.36,out,T20I # 2721
India Vs Australia,Australia,7,Matthew Wade,c Kuldeep Yadav b Arshdeep Singh,1,2,0,0,50,out,T20I # 2721
India Vs Australia,Australia,8,Pat Cummins,not out,11,7,0,1,157.14,not_out,T20I # 2721
India Vs Australia,Australia,9,Mitchell Starc,not out,4,7,0,0,57.14,not_out,T20I # 2721
Ireland Vs Pakistan,Ireland,1,Andy Balbirnie, b Shaheen Shah Afridi,0,3,0,0,0,out,T20I # 2697
Ireland Vs Pakistan,Ireland,2,Paul Stirling,c â€ Mohammad Rizwan b Mohammad Amir,1,2,0,0,50,out,T20I # 2697
Ireland Vs Pakistan,Ireland,3,Lorcan Tucker,c â€ Mohammad Rizwan b Shaheen Shah Afridi,2,2,0,0,100,out,T20I # 2697
Ireland Vs Pakistan,Ireland,4,Harry Tector,lbw b Shaheen Shah Afridi,0,6,0,0,0,out,T20I # 2697
Ireland Vs Pakistan,Ireland,5,Curtis Campher,c Saim Ayub b Haris Rauf,7,14,1,0,50,out,T20I # 2697
Ireland Vs Pakistan,Ireland,6,George Dockrell,c & b Mohammad Amir,11,10,2,0,110,out,T20I # 2697
Ireland Vs Pakistan,Ireland,7,Gareth Delany,c Shadab Khan b Imad Wasim,31,19,1,3,163.15,out,T20I # 2697
Ireland Vs Pakistan,Ireland,8,Mark Adair,c Shaheen Shah Afridi b Imad Wasim,15,19,2,0,78.94,out,T20I # 2697
Ireland Vs Pakistan,Ireland,9,Barry McCarthy, b Imad Wasim,2,7,0,0,28.57,out,T20I # 2697
Ireland Vs Pakistan,Ireland,10,Josh Little,not out,22,18,2,1,122.22,not_out,T20I # 2697
Ireland Vs Pakistan,Ireland,11,Ben White,not out,5,20,0,0,25,not_out,T20I # 2697
Ireland Vs Pakistan,Pakistan,1,Mohammad Rizwan,c Adair b McCarthy,17,16,2,0,106.25,out,T20I # 2697
Ireland Vs Pakistan,Pakistan,2,Saim Ayub,c â€ Tucker b Adair,17,17,2,1,100,out,T20I # 2697
Ireland Vs Pakistan,Pakistan,3,Babar Azam,not out,32,34,2,0,94.11,not_out,T20I # 2697
Ireland Vs Pakistan,Pakistan,4,Fakhar Zaman,c sub (GR Adair) b Campher,5,9,0,0,55.55,out,T20I # 2697
Ireland Vs Pakistan,Pakistan,5,Usman Khan,c Tector b McCarthy,2,3,0,0,66.66,out,T20I # 2697
Ireland Vs Pakistan,Pakistan,6,Shadab Khan,c â€ Tucker b McCarthy,0,2,0,0,0,out,T20I # 2697
Ireland Vs Pakistan,Pakistan,7,Imad Wasim,c Tector b Campher,4,6,1,0,66.66,out,T20I # 2697
Ireland Vs Pakistan,Pakistan,8,Abbas Afridi,c sub (GR Adair) b White,17,21,1,1,80.95,out,T20I # 2697
Ireland Vs Pakistan,Pakistan,9,Shaheen Shah Afridi,not out,13,5,0,2,260,not_out,T20I # 2697
Canada Vs Pakistan,Canada,1,Aaron Johnson, b Naseem Shah,52,44,4,4,118.18,out,T20I # 2665
Canada Vs Pakistan,Canada,2,Navneet Dhaliwal, b Mohammad Amir,4,7,1,0,57.14,out,T20I # 2665
Canada Vs Pakistan,Canada,3,Pargat Singh,c Fakhar Zaman b Shaheen Shah Afridi,2,6,0,0,33.33,out,T20I # 2665
Canada Vs Pakistan,Canada,4,Nicholas Kirton,run out (Imad Wasim),1,6,0,0,16.66,out,T20I # 2665
Canada Vs Pakistan,Canada,5,Shreyas Movva,c â€ Mohammad Rizwan b Haris Rauf,2,9,0,0,22.22,out,T20I # 2665
Canada Vs Pakistan,Canada,6,Ravinderpal Singh,c Fakhar Zaman b Haris Rauf,0,2,0,0,0,out,T20I # 2665
Canada Vs Pakistan,Canada,7,Saad Bin Zafar,c â€ Mohammad Rizwan b Mohammad Amir,10,21,1,0,47.61,out,T20I # 2665
Canada Vs Pakistan,Canada,8,Kaleem Sana,not out,13,14,0,1,92.85,not_out,T20I # 2665
Canada Vs Pakistan,Canada,9,Dilon Heyliger,not out,9,11,1,0,81.81,not_out,T20I # 2665
Canada Vs Pakistan,Pakistan,1,Mohammad Rizwan,not out,53,53,2,1,100,not_out,T20I # 2665
Canada Vs Pakistan,Pakistan,2,Saim Ayub,c â€ Movva b Heyliger,6,12,0,0,50,out,T20I # 2665
Canada Vs Pakistan,Pakistan,3,Babar Azam,c â€ Movva b Heyliger,33,33,1,1,100,out,T20I # 2665
Canada Vs Pakistan,Pakistan,4,Fakhar Zaman,c sub (DS Bajwa) b Gordon,4,6,0,0,66.66,out,T20I # 2665
Canada Vs Pakistan,Pakistan,5,Usman Khan,not out,2,1,0,0,200,not_out,T20I # 2665
South Africa Vs England,South Africa,1,Reeza Hendricks,c Brook b Ali,19,25,1,0,76,out,T20I # 2712
South Africa Vs England,South Africa,2,Quinton de Kock,c â€ Buttler b Archer,65,38,4,4,171.05,out,T20I # 2712
South Africa Vs England,South Africa,3,Heinrich Klaasen,run out (â€ Buttler),8,13,1,0,61.53,out,T20I # 2712
South Africa Vs England,South Africa,4,David Miller,c Brook b Archer,43,28,4,2,153.57,out,T20I # 2712
South Africa Vs England,South Africa,5,Aiden Markram, b Rashid,1,2,0,0,50,out,T20I # 2712
South Africa Vs England,South Africa,6,Tristan Stubbs,not out,12,11,1,0,109.09,not_out,T20I # 2712
South Africa Vs England,South Africa,7,Marco Jansen,c Curran b Archer,0,1,0,0,0,out,T20I # 2712
South Africa Vs England,South Africa,8,Keshav Maharaj,not out,5,2,1,0,250,not_out,T20I # 2712
South Africa Vs England,England,1,Phil Salt,c Hendricks b Rabada,11,8,1,1,137.5,out,T20I # 2712
South Africa Vs England,England,2,Jos Buttler,c Klaasen b Maharaj,17,20,1,0,85,out,T20I # 2712
South Africa Vs England,England,3,Jonny Bairstow,c Nortje b Maharaj,16,20,1,0,80,out,T20I # 2712
South Africa Vs England,England,4,Moeen Ali,c Maharaj b Baartman,9,10,0,0,90,out,T20I # 2712
South Africa Vs England,England,5,Harry Brook,c Markram b Nortje,53,37,7,0,143.24,out,T20I # 2712
South Africa Vs England,England,6,Liam Livingstone,c Stubbs b Rabada,33,17,3,2,194.11,out,T20I # 2712
South Africa Vs England,England,7,Sam Curran,not out,10,7,1,0,142.85,not_out,T20I # 2712
South Africa Vs England,England,8,Jofra Archer,not out,1,2,0,0,50,not_out,T20I # 2712
Afghanistan Vs South Africa,Afghanistan,1,Rahmanullah Gurbaz,c Hendricks b Jansen,0,3,0,0,0,out,T20I # 2723
Afghanistan Vs South Africa,Afghanistan,2,Ibrahim Zadran, b Rabada,2,5,0,0,40,out,T20I # 2723
Afghanistan Vs South Africa,Afghanistan,3,Gulbadin Naib, b Jansen,9,8,2,0,112.5,out,T20I # 2723
Afghanistan Vs South Africa,Afghanistan,4,Azmatullah Omarzai,c Stubbs b Nortje,10,12,2,0,83.33,out,T20I # 2723
Afghanistan Vs South Africa,Afghanistan,5,Mohammad Nabi, b Rabada,0,3,0,0,0,out,T20I # 2723
Afghanistan Vs South Africa,Afghanistan,6,Nangeyalia Kharote,c â€ de Kock b Jansen,2,7,0,0,28.57,out,T20I # 2723
Afghanistan Vs South Africa,Afghanistan,7,Karim Janat,lbw b Shamsi,8,13,1,0,61.53,out,T20I # 2723
Afghanistan Vs South Africa,Afghanistan,8,Rashid Khan, b Nortje,8,8,2,0,100,out,T20I # 2723
Afghanistan Vs South Africa,Afghanistan,9,Noor Ahmad,lbw b Shamsi,0,2,0,0,0,out,T20I # 2723
Afghanistan Vs South Africa,Afghanistan,10,Naveen-ul-Haq,lbw b Shamsi,2,8,0,0,25,out,T20I # 2723
Afghanistan Vs South Africa,Afghanistan,11,Fazalhaq Farooqi,not out,2,2,0,0,100,not_out,T20I # 2723
Afghanistan Vs South Africa,South Africa,1,Quinton de Kock, b Fazalhaq Farooqi,5,8,1,0,62.5,out,T20I # 2723
Afghanistan Vs South Africa,South Africa,2,Reeza Hendricks,not out,29,25,3,1,116,not_out,T20I # 2723
Afghanistan Vs South Africa,South Africa,3,Aiden Markram,not out,23,21,4,0,109.52,not_out,T20I # 2723
U.S.A. Vs England,U.S.A.,1,Steven Taylor,c Ali b Curran,12,13,2,0,92.3,out,T20I # 2719
U.S.A. Vs England,U.S.A.,2,Andries Gous,c Salt b Topley,8,5,0,1,160,out,T20I # 2719
U.S.A. Vs England,U.S.A.,3,Nitish Kumar, b Rashid,30,24,1,2,125,out,T20I # 2719
U.S.A. Vs England,U.S.A.,4,Aaron Jones, b Rashid,10,16,2,0,62.5,out,T20I # 2719
U.S.A. Vs England,U.S.A.,5,Corey Anderson,c Brook b Jordan,29,28,0,1,103.57,out,T20I # 2719
U.S.A. Vs England,U.S.A.,6,Milind Kumar,c â€ Buttler b Livingstone,4,6,0,0,66.66,out,T20I # 2719
U.S.A. Vs England,U.S.A.,7,Harmeet Singh,c Jordan b Curran,21,17,2,1,123.52,out,T20I # 2719
U.S.A. Vs England,U.S.A.,8,Shadley van Schalkwyk,not out,0,0,0,0,-,not_out,T20I # 2719
U.S.A. Vs England,U.S.A.,9,Ali Khan, b Jordan,0,2,0,0,0,out,T20I # 2719
U.S.A. Vs England,U.S.A.,10,Nosthush Kenjige,lbw b Jordan,0,1,0,0,0,out,T20I # 2719
U.S.A. Vs England,U.S.A.,11,Saurabh Netravalkar, b Jordan,0,1,0,0,0,out,T20I # 2719
U.S.A. Vs England,England,1,Phil Salt,not out,25,21,2,0,119.04,not_out,T20I # 2719
U.S.A. Vs England,England,2,Jos Buttler,not out,83,38,6,7,218.42,not_out,T20I # 2719
India Vs South Africa,India,1,Rohit Sharma,c Klaasen b Maharaj,9,5,2,0,180,out,T20I # 2729
India Vs South Africa,India,2,Virat Kohli,c Rabada b Jansen,76,59,6,2,128.81,out,T20I # 2729
India Vs South Africa,India,3,Rishabh Pant,c â€ de Kock b Maharaj,0,2,0,0,0,out,T20I # 2729
India Vs South Africa,India,4,Suryakumar Yadav,c Klaasen b Rabada,3,4,0,0,75,out,T20I # 2729
India Vs South Africa,India,5,Axar Patel,run out (â€ de Kock),47,31,1,4,151.61,out,T20I # 2729
India Vs South Africa,India,6,Shivam Dube,c Miller b Nortje,27,16,3,1,168.75,out,T20I # 2729
India Vs South Africa,India,7,Hardik Pandya,not out,5,2,1,0,250,not_out,T20I # 2729
India Vs South Africa,India,8,Ravindra Jadeja,c Maharaj b Nortje,2,2,0,0,100,out,T20I # 2729
India Vs South Africa,South Africa,1,Reeza Hendricks, b Bumrah,4,5,1,0,80,out,T20I # 2729
India Vs South Africa,South Africa,2,Quinton de Kock,c Kuldeep Yadav b Arshdeep Singh,39,31,4,1,125.8,out,T20I # 2729
India Vs South Africa,South Africa,3,Aiden Markram,c â€ Pant b Arshdeep Singh,4,5,1,0,80,out,T20I # 2729
India Vs South Africa,South Africa,4,Tristan Stubbs, b Patel,31,21,3,1,147.61,out,T20I # 2729
India Vs South Africa,South Africa,5,Heinrich Klaasen,c â€ Pant b Pandya,52,27,2,5,192.59,out,T20I # 2729
India Vs South Africa,South Africa,6,David Miller,c Yadav b Pandya,21,17,1,1,123.52,out,T20I # 2729
India Vs South Africa,South Africa,7,Marco Jansen, b Bumrah,2,4,0,0,50,out,T20I # 2729
India Vs South Africa,South Africa,8,Keshav Maharaj,not out,2,7,0,0,28.57,not_out,T20I # 2729
India Vs South Africa,South Africa,9,Kagiso Rabada,c Yadav b Pandya,4,3,1,0,133.33,out,T20I # 2729
India Vs South Africa,South Africa,10,Anrich Nortje,not out,1,1,0,0,100,not_out,T20I # 2729
P.N.G. Vs New Zealand,P.N.G.,1,Tony Ura,c Phillips b Southee,1,2,0,0,50,out,T20I # 2702
P.N.G. Vs New Zealand,P.N.G.,2,Assad Vala,c Mitchell b Ferguson,6,16,1,0,37.5,out,T20I # 2702
P.N.G. Vs New Zealand,P.N.G.,3,Charles Amini,lbw b Ferguson,17,25,2,0,68,out,T20I # 2702
P.N.G. Vs New Zealand,P.N.G.,4,Sese Bau,c Allen b Santner,12,27,1,0,44.44,out,T20I # 2702
P.N.G. Vs New Zealand,P.N.G.,5,Hiri Hiri, b Boult,7,11,1,0,63.63,out,T20I # 2702
P.N.G. Vs New Zealand,P.N.G.,6,Chad Soper, b Ferguson,1,6,0,0,16.66,out,T20I # 2702
P.N.G. Vs New Zealand,P.N.G.,7,Kiplin Doriga, b Southee,5,7,1,0,71.42,out,T20I # 2702
P.N.G. Vs New Zealand,P.N.G.,8,Norman Vanua,c Mitchell b Boult,14,13,1,1,107.69,out,T20I # 2702
P.N.G. Vs New Zealand,P.N.G.,9,Alei Nao,c Mitchell b Sodhi,3,7,0,0,42.85,out,T20I # 2702
P.N.G. Vs New Zealand,P.N.G.,10,Kabua Morea,st â€ Conway b Sodhi,0,3,0,0,0,out,T20I # 2702
P.N.G. Vs New Zealand,P.N.G.,11,Semo Kamea,not out,1,1,0,0,100,not_out,T20I # 2702
P.N.G. Vs New Zealand,New Zealand,1,Finn Allen,c â€ Doriga b Morea,0,2,0,0,0,out,T20I # 2702
P.N.G. Vs New Zealand,New Zealand,2,Devon Conway,lbw b Kamea,35,32,2,3,109.37,out,T20I # 2702
P.N.G. Vs New Zealand,New Zealand,3,Rachin Ravindra,c Kamea b Morea,6,11,0,0,54.54,out,T20I # 2702
P.N.G. Vs New Zealand,New Zealand,4,Kane Williamson,not out,18,17,2,0,105.88,not_out,T20I # 2702
P.N.G. Vs New Zealand,New Zealand,5,Daryl Mitchell,not out,19,12,3,0,158.33,not_out,T20I # 2702
Bangladesh Vs Nepal,Bangladesh,1,Tanzid Hasan,c & b Sompal Kami,0,1,0,0,0,out,T20I # 2698
Bangladesh Vs Nepal,Bangladesh,2,Litton Das,c â€ Aasif Sheikh b Sompal Kami,10,12,1,0,83.33,out,T20I # 2698
Bangladesh Vs Nepal,Bangladesh,3,Najmul Hossain Shanto, b Airee,4,5,0,0,80,out,T20I # 2698
Bangladesh Vs Nepal,Bangladesh,4,Shakib Al Hasan,lbw b Paudel,17,22,2,0,77.27,out,T20I # 2698
Bangladesh Vs Nepal,Bangladesh,5,Towhid Hridoy,c Lamichhane b Paudel,9,7,2,0,128.57,out,T20I # 2698
Bangladesh Vs Nepal,Bangladesh,6,Mahmudullah,run out (Gulsan Jha/Lamichhane),13,13,2,0,100,out,T20I # 2698
Bangladesh Vs Nepal,Bangladesh,7,Jaker Ali, b Lamichhane,12,26,0,0,46.15,out,T20I # 2698
Bangladesh Vs Nepal,Bangladesh,8,Tanzim Hasan Sakib, b Lamichhane,3,5,0,0,60,out,T20I # 2698
Bangladesh Vs Nepal,Bangladesh,9,Rishad Hossain,c Sah b Airee,13,7,1,1,185.71,out,T20I # 2698
Bangladesh Vs Nepal,Bangladesh,10,Taskin Ahmed,not out,12,15,2,0,80,not_out,T20I # 2698
Bangladesh Vs Nepal,Bangladesh,11,Mustafizur Rahman,run out (Paudel/Airee),3,4,0,0,75,out,T20I # 2698
Bangladesh Vs Nepal,Nepal,1,Kushal Bhurtel, b Tanzim Hasan Sakib,4,8,1,0,50,out,T20I # 2698
Bangladesh Vs Nepal,Nepal,2,Aasif Sheikh,c Shakib Al Hasan b Mustafizur Rahman,17,14,4,0,121.42,out,T20I # 2698
Bangladesh Vs Nepal,Nepal,3,Anil Sah,c Najmul Hossain Shanto b Tanzim Hasan Sakib,0,2,0,0,0,out,T20I # 2698
Bangladesh Vs Nepal,Nepal,4,Rohit Paudel,c Rishad Hossain b Tanzim Hasan Sakib,1,6,0,0,16.66,out,T20I # 2698
Bangladesh Vs Nepal,Nepal,5,Sundeep Jora,c Rishad Hossain b Tanzim Hasan Sakib,1,8,0,0,12.5,out,T20I # 2698
Bangladesh Vs Nepal,Nepal,6,Kushal Malla,c Najmul Hossain Shanto b Mustafizur Rahman,27,40,1,1,67.5,out,T20I # 2698
Bangladesh Vs Nepal,Nepal,7,Dipendra Singh Airee,c â€ Litton Das b Mustafizur Rahman,25,31,2,1,80.64,out,T20I # 2698
Bangladesh Vs Nepal,Nepal,8,Gulsan Jha,c Towhid Hridoy b Taskin Ahmed,0,4,0,0,0,out,T20I # 2698
Bangladesh Vs Nepal,Nepal,9,Sompal Kami,st â€ Litton Das b Shakib Al Hasan,0,2,0,0,0,out,T20I # 2698
Bangladesh Vs Nepal,Nepal,10,Sandeep Lamichhane,not out,0,0,0,0,-,not_out,T20I # 2698
Bangladesh Vs Nepal,Nepal,11,Abinash Bohara,lbw b Shakib Al Hasan,0,1,0,0,0,out,T20I # 2698
Sri Lanka Vs South Africa,Sri Lanka,1,Pathum Nissanka,c Klaasen b Baartman,3,8,0,0,37.5,out,T20I # 2635
Sri Lanka Vs South Africa,Sri Lanka,2,Kusal Mendis,c Stubbs b Nortje,19,30,1,0,63.33,out,T20I # 2635
Sri Lanka Vs South Africa,Sri Lanka,3,Kamindu Mendis,c Hendricks b Nortje,11,15,1,0,73.33,out,T20I # 2635
Sri Lanka Vs South Africa,Sri Lanka,4,Wanindu Hasaranga,st â€ de Kock b Maharaj,0,2,0,0,0,out,T20I # 2635
Sri Lanka Vs South Africa,Sri Lanka,5,Sadeera Samarawickrama, b Maharaj,0,1,0,0,0,out,T20I # 2635
Sri Lanka Vs South Africa,Sri Lanka,6,Charith Asalanka,c Hendricks b Nortje,6,9,0,0,66.66,out,T20I # 2635
Sri Lanka Vs South Africa,Sri Lanka,7,Angelo Mathews,c Baartman b Nortje,16,16,0,2,100,out,T20I # 2635
Sri Lanka Vs South Africa,Sri Lanka,8,Dasun Shanaka, b Rabada,9,10,0,1,90,out,T20I # 2635
Sri Lanka Vs South Africa,Sri Lanka,9,Maheesh Theekshana,not out,7,16,1,0,43.75,not_out,T20I # 2635
Sri Lanka Vs South Africa,Sri Lanka,10,Matheesha Pathirana,c Markram b Rabada,0,4,0,0,0,out,T20I # 2635
Sri Lanka Vs South Africa,Sri Lanka,11,Nuwan Thushara,run out (Nortje/Jansen),0,4,0,0,0,out,T20I # 2635
Sri Lanka Vs South Africa,South Africa,1,Quinton de Kock,c & b Hasaranga,20,27,0,1,74.07,out,T20I # 2635
Sri Lanka Vs South Africa,South Africa,2,Reeza Hendricks,c PHKD Mendis b Thushara,4,2,1,0,200,out,T20I # 2635
Sri Lanka Vs South Africa,South Africa,3,Aiden Markram,c PHKD Mendis b Shanaka,12,14,0,1,85.71,out,T20I # 2635
Sri Lanka Vs South Africa,South Africa,4,Tristan Stubbs,c Asalanka b Hasaranga,13,28,0,0,46.42,out,T20I # 2635
Sri Lanka Vs South Africa,South Africa,5,Heinrich Klaasen,not out,19,22,1,1,86.36,not_out,T20I # 2635
Sri Lanka Vs South Africa,South Africa,6,David Miller,not out,6,6,1,0,100,not_out,T20I # 2635
Pakistan Vs U.S.A.,Pakistan,1,Mohammad Rizwan,c Taylor b Netravalkar,9,8,0,1,112.5,out,T20I # 2642
Pakistan Vs U.S.A.,Pakistan,2,Babar Azam,lbw b Jasdeep Singh,44,43,3,2,102.32,out,T20I # 2642
Pakistan Vs U.S.A.,Pakistan,3,Usman Khan,c Kumar b Kenjige,3,3,0,0,100,out,T20I # 2642
Pakistan Vs U.S.A.,Pakistan,4,Fakhar Zaman,c Taylor b Ali Khan,11,7,0,1,157.14,out,T20I # 2642
Pakistan Vs U.S.A.,Pakistan,5,Shadab Khan,c Netravalkar b Kenjige,40,25,1,3,160,out,T20I # 2642
Pakistan Vs U.S.A.,Pakistan,6,Azam Khan,lbw b Kenjige,0,1,0,0,0,out,T20I # 2642
Pakistan Vs U.S.A.,Pakistan,7,Iftikhar Ahmed,lbw b Netravalkar,18,14,3,0,128.57,out,T20I # 2642
Pakistan Vs U.S.A.,Pakistan,8,Shaheen Shah Afridi,not out,23,16,1,2,143.75,not_out,T20I # 2642
Pakistan Vs U.S.A.,Pakistan,9,Haris Rauf,not out,3,3,0,0,100,not_out,T20I # 2642
Pakistan Vs U.S.A.,U.S.A.,1,Steven Taylor,c Mohammad Rizwan b Naseem Shah,12,16,1,0,75,out,T20I # 2642
Pakistan Vs U.S.A.,U.S.A.,2,Monank Patel,c Mohammad Rizwan b Mohammad Amir,50,38,7,1,131.57,out,T20I # 2642
Pakistan Vs U.S.A.,U.S.A.,3,Andries Gous, b Haris Rauf,35,26,5,1,134.61,out,T20I # 2642
Pakistan Vs U.S.A.,U.S.A.,4,Aaron Jones,not out,36,26,2,2,138.46,not_out,T20I # 2642
Pakistan Vs U.S.A.,U.S.A.,5,Nitish Kumar,not out,14,14,1,0,100,not_out,T20I # 2642
West Indies Vs New Zealand,West Indies,1,Brandon King,c â€ Conway b Neesham,9,12,0,1,75,out,T20I # 2672
West Indies Vs New Zealand,West Indies,2,Johnson Charles, b Boult,0,5,0,0,0,out,T20I # 2672
West Indies Vs New Zealand,West Indies,3,Nicholas Pooran,c â€ Conway b Southee,17,12,3,0,141.66,out,T20I # 2672
West Indies Vs New Zealand,West Indies,4,Roston Chase,c Ravindra b Ferguson,0,3,0,0,0,out,T20I # 2672
West Indies Vs New Zealand,West Indies,5,Rovman Powell,c â€ Conway b Southee,1,5,0,0,20,out,T20I # 2672
West Indies Vs New Zealand,West Indies,6,Sherfane Rutherford,not out,68,39,2,6,174.35,not_out,T20I # 2672
West Indies Vs New Zealand,West Indies,7,Akeal Hosein,c Neesham b Santner,15,17,0,1,88.23,out,T20I # 2672
West Indies Vs New Zealand,West Indies,8,Andre Russell,c Ferguson b Boult,14,7,2,1,200,out,T20I # 2672
West Indies Vs New Zealand,West Indies,9,Romario Shepherd,lbw b Ferguson,13,13,0,1,100,out,T20I # 2672
West Indies Vs New Zealand,West Indies,10,Alzarri Joseph, b Boult,6,6,1,0,100,out,T20I # 2672
West Indies Vs New Zealand,West Indies,11,Gudakesh Motie,not out,0,1,0,0,0,not_out,T20I # 2672
West Indies Vs New Zealand,New Zealand,1,Devon Conway,c Chase b Hosein,5,8,0,0,62.5,out,T20I # 2672
West Indies Vs New Zealand,New Zealand,2,Finn Allen,c Russell b Joseph,26,23,3,1,113.04,out,T20I # 2672
West Indies Vs New Zealand,New Zealand,3,Rachin Ravindra,c Russell b Motie,10,13,0,0,76.92,out,T20I # 2672
West Indies Vs New Zealand,New Zealand,4,Kane Williamson,c â€ Pooran b Motie,1,2,0,0,50,out,T20I # 2672
West Indies Vs New Zealand,New Zealand,5,Daryl Mitchell, b Motie,12,13,1,0,92.3,out,T20I # 2672
West Indies Vs New Zealand,New Zealand,6,Glenn Phillips,c Powell b Joseph,40,33,3,2,121.21,out,T20I # 2672
West Indies Vs New Zealand,New Zealand,7,James Neesham,c King b Joseph,10,11,0,1,90.9,out,T20I # 2672
West Indies Vs New Zealand,New Zealand,8,Mitchell Santner,not out,21,12,0,3,175,not_out,T20I # 2672
West Indies Vs New Zealand,New Zealand,9,Tim Southee,c & b Joseph,0,1,0,0,0,out,T20I # 2672
West Indies Vs New Zealand,New Zealand,10,Trent Boult,c Chase b Russell,7,4,0,1,175,out,T20I # 2672
West Indies Vs New Zealand,New Zealand,11,Lockie Ferguson,not out,0,0,0,0,-,not_out,T20I # 2672
India Vs Afghanistan,India,1,Rohit Sharma,c Rashid Khan b Fazalhaq Farooqi,8,13,1,0,61.53,out,T20I # 2710
India Vs Afghanistan,India,2,Virat Kohli,c Mohammad Nabi b Rashid Khan,24,24,0,1,100,out,T20I # 2710
India Vs Afghanistan,India,3,Rishabh Pant,lbw b Rashid Khan,20,11,4,0,181.81,out,T20I # 2710
India Vs Afghanistan,India,4,Suryakumar Yadav,c Mohammad Nabi b Fazalhaq Farooqi,53,28,5,3,189.28,out,T20I # 2710
India Vs Afghanistan,India,5,Shivam Dube,lbw b Rashid Khan,10,7,0,1,142.85,out,T20I # 2710
India Vs Afghanistan,India,6,Hardik Pandya,c Azmatullah Omarzai b Naveen-ul-Haq,32,24,3,2,133.33,out,T20I # 2710
India Vs Afghanistan,India,7,Ravindra Jadeja,c Gulbadin Naib b Fazalhaq Farooqi,7,5,1,0,140,out,T20I # 2710
India Vs Afghanistan,India,8,Axar Patel,run out (â€ Rahmanullah Gurbaz/Naveen-ul-Haq),12,6,2,0,200,out,T20I # 2710
India Vs Afghanistan,India,9,Arshdeep Singh,not out,2,2,0,0,100,not_out,T20I # 2710
India Vs Afghanistan,Afghanistan,1,Rahmanullah Gurbaz,c â€ Pant b Bumrah,11,8,1,1,137.5,out,T20I # 2710
India Vs Afghanistan,Afghanistan,2,Hazratullah Zazai,c Jadeja b Bumrah,2,4,0,0,50,out,T20I # 2710
India Vs Afghanistan,Afghanistan,3,Ibrahim Zadran,c Sharma b Patel,8,11,1,0,72.72,out,T20I # 2710
India Vs Afghanistan,Afghanistan,4,Gulbadin Naib,c â€ Pant b Kuldeep Yadav,17,21,1,1,80.95,out,T20I # 2710
India Vs Afghanistan,Afghanistan,5,Azmatullah Omarzai,c Patel b Jadeja,26,20,2,1,130,out,T20I # 2710
India Vs Afghanistan,Afghanistan,6,Najibullah Zadran,c Arshdeep Singh b Bumrah,19,17,0,2,111.76,out,T20I # 2710
India Vs Afghanistan,Afghanistan,7,Mohammad Nabi,c Jadeja b Kuldeep Yadav,14,14,0,1,100,out,T20I # 2710
India Vs Afghanistan,Afghanistan,8,Rashid Khan,c Jadeja b Arshdeep Singh,2,6,0,0,33.33,out,T20I # 2710
India Vs Afghanistan,Afghanistan,9,Noor Ahmad,c Sharma b Arshdeep Singh,12,18,1,1,66.66,out,T20I # 2710
India Vs Afghanistan,Afghanistan,10,Naveen-ul-Haq,c â€ Pant b Arshdeep Singh,0,1,0,0,0,out,T20I # 2710
India Vs Afghanistan,Afghanistan,11,Fazalhaq Farooqi,not out,4,1,1,0,400,not_out,T20I # 2710
P.N.G. Vs West Indies,P.N.G.,1,Tony Ura,c â€ Pooran b Shepherd,2,5,0,0,40,out,T20I # 2633
P.N.G. Vs West Indies,P.N.G.,2,Assad Vala,c Chase b Joseph,21,22,2,1,95.45,out,T20I # 2633
P.N.G. Vs West Indies,P.N.G.,3,Lega Siaka, b Hosein,1,2,0,0,50,out,T20I # 2633
P.N.G. Vs West Indies,P.N.G.,4,Sese Bau, b Joseph,50,43,6,1,116.27,out,T20I # 2633
P.N.G. Vs West Indies,P.N.G.,5,Hiri Hiri,c Powell b Motie,2,6,0,0,33.33,out,T20I # 2633
P.N.G. Vs West Indies,P.N.G.,6,Charles Amini,c â€ Pooran b Russell,12,14,0,0,85.71,out,T20I # 2633
P.N.G. Vs West Indies,P.N.G.,7,Kiplin Doriga,not out,27,18,3,0,150,not_out,T20I # 2633
P.N.G. Vs West Indies,P.N.G.,8,Chad Soper, b Russell,10,9,1,0,111.11,out,T20I # 2633
P.N.G. Vs West Indies,P.N.G.,9,Alei Nao,run out (Joseph),0,0,0,0,-,out,T20I # 2633
P.N.G. Vs West Indies,P.N.G.,10,Kabua Morea,not out,2,2,0,0,100,not_out,T20I # 2633
P.N.G. Vs West Indies,West Indies,1,Brandon King,c Siaka b Vala,34,29,7,0,117.24,out,T20I # 2633
P.N.G. Vs West Indies,West Indies,2,Johnson Charles,lbw b Nao,0,1,0,0,0,out,T20I # 2633
P.N.G. Vs West Indies,West Indies,3,Nicholas Pooran,c Ura b Kariko,27,27,1,2,100,out,T20I # 2633
P.N.G. Vs West Indies,West Indies,4,Roston Chase,not out,42,27,4,2,155.55,not_out,T20I # 2633
P.N.G. Vs West Indies,West Indies,5,Rovman Powell,c â€ Doriga b Soper,15,14,2,0,107.14,out,T20I # 2633
P.N.G. Vs West Indies,West Indies,6,Sherfane Rutherford,c â€ Doriga b Vala,2,7,0,0,28.57,out,T20I # 2633
P.N.G. Vs West Indies,West Indies,7,Andre Russell,not out,15,9,0,1,166.66,not_out,T20I # 2633
Oman Vs England,Oman,1,Pratik Athavale,c Salt b Archer,5,3,1,0,166.66,out,T20I # 2678
Oman Vs England,Oman,2,Kashyap Prajapati,c Livingstone b Wood,9,16,0,1,56.25,out,T20I # 2678
Oman Vs England,Oman,3,Aqib Ilyas,c Jacks b Archer,8,10,1,0,80,out,T20I # 2678
Oman Vs England,Oman,4,Zeeshan Maqsood,c & b Wood,1,5,0,0,20,out,T20I # 2678
Oman Vs England,Oman,5,Khalid Kail,st â€ Buttler b Rashid,1,3,0,0,33.33,out,T20I # 2678
Oman Vs England,Oman,6,Ayaan Khan, b Wood,1,5,0,0,20,out,T20I # 2678
Oman Vs England,Oman,7,Shoaib Khan,c â€ Buttler b Archer,11,23,1,0,47.82,out,T20I # 2678
Oman Vs England,Oman,8,Mehran Khan,c Ali b Rashid,0,2,0,0,0,out,T20I # 2678
Oman Vs England,Oman,9,Fayyaz Butt, b Rashid,2,7,0,0,28.57,out,T20I # 2678
Oman Vs England,Oman,10,Kaleemullah, b Rashid,5,5,1,0,100,out,T20I # 2678
Oman Vs England,Oman,11,Bilal Khan,not out,0,1,0,0,0,not_out,T20I # 2678
Oman Vs England,England,1,Phil Salt, b Bilal Khan,12,3,0,2,400,out,T20I # 2678
Oman Vs England,England,2,Jos Buttler,not out,24,8,4,1,300,not_out,T20I # 2678
Oman Vs England,England,3,Will Jacks,c Prajapati b Kaleemullah,5,7,1,0,71.42,out,T20I # 2678
Oman Vs England,England,4,Jonny Bairstow,not out,8,2,2,0,400,not_out,T20I # 2678
India Vs England,India,1,Rohit Sharma, b Rashid,57,39,6,2,146.15,out,T20I # 2724
India Vs England,India,2,Virat Kohli, b Topley,9,9,0,1,100,out,T20I # 2724
India Vs England,India,3,Rishabh Pant,c Bairstow b Curran,4,6,0,0,66.66,out,T20I # 2724
India Vs England,India,4,Suryakumar Yadav,c Jordan b Archer,47,36,4,2,130.55,out,T20I # 2724
India Vs England,India,5,Hardik Pandya,c Curran b Jordan,23,13,1,2,176.92,out,T20I # 2724
India Vs England,India,6,Ravindra Jadeja,not out,17,9,2,0,188.88,not_out,T20I # 2724
India Vs England,India,7,Shivam Dube,c â€ Buttler b Jordan,0,1,0,0,0,out,T20I # 2724
India Vs England,India,8,Axar Patel,c Salt b Jordan,10,6,0,1,166.66,out,T20I # 2724
India Vs England,India,9,Arshdeep Singh,not out,1,1,0,0,100,not_out,T20I # 2724
India Vs England,England,1,Phil Salt, b Bumrah,5,8,0,0,62.5,out,T20I # 2724
India Vs England,England,2,Jos Buttler,c â€ Pant b Patel,23,15,4,0,153.33,out,T20I # 2724
India Vs England,England,3,Moeen Ali,st â€ Pant b Patel,8,10,0,0,80,out,T20I # 2724
India Vs England,England,4,Jonny Bairstow, b Patel,0,3,0,0,0,out,T20I # 2724
India Vs England,England,5,Harry Brook, b Kuldeep Yadav,25,19,3,0,131.57,out,T20I # 2724
India Vs England,England,6,Sam Curran,lbw b Kuldeep Yadav,2,4,0,0,50,out,T20I # 2724
India Vs England,England,7,Liam Livingstone,run out (Kuldeep Yadav/Patel),11,16,0,0,68.75,out,T20I # 2724
India Vs England,England,8,Chris Jordan,lbw b Kuldeep Yadav,1,5,0,0,20,out,T20I # 2724
India Vs England,England,9,Jofra Archer,lbw b Bumrah,21,15,1,2,140,out,T20I # 2724
India Vs England,England,10,Adil Rashid,run out (Yadav),2,2,0,0,100,out,T20I # 2724
India Vs England,England,11,Reece Topley,not out,3,3,0,0,100,not_out,T20I # 2724
P.N.G. Vs Afghanistan,P.N.G.,1,Tony Ura, b Naveen-ul-Haq,11,18,1,0,61.11,out,T20I # 2679
P.N.G. Vs Afghanistan,P.N.G.,2,Assad Vala,run out (Fazalhaq Farooqi/â€ Rahmanullah Gurbaz),3,2,0,0,150,out,T20I # 2679
P.N.G. Vs Afghanistan,P.N.G.,3,Lega Siaka,c â€ Rahmanullah Gurbaz b Fazalhaq Farooqi,0,1,0,0,0,out,T20I # 2679
P.N.G. Vs Afghanistan,P.N.G.,4,Sese Bau,c â€ Rahmanullah Gurbaz b Fazalhaq Farooqi,0,1,0,0,0,out,T20I # 2679
P.N.G. Vs Afghanistan,P.N.G.,5,Hiri Hiri, b Naveen-ul-Haq,1,3,0,0,33.33,out,T20I # 2679
P.N.G. Vs Afghanistan,P.N.G.,6,Chad Soper,run out (Noor Ahmad/Rashid Khan),9,26,0,0,34.61,out,T20I # 2679
P.N.G. Vs Afghanistan,P.N.G.,7,Kiplin Doriga,lbw b Noor Ahmad,27,32,2,0,84.37,out,T20I # 2679
P.N.G. Vs Afghanistan,P.N.G.,8,Norman Vanua,run out (Rashid Khan),0,7,0,0,0,out,T20I # 2679
P.N.G. Vs Afghanistan,P.N.G.,9,Alei Nao,c Rashid Khan b Fazalhaq Farooqi,13,19,2,0,68.42,out,T20I # 2679
P.N.G. Vs Afghanistan,P.N.G.,10,John Kariko,not out,4,7,1,0,57.14,not_out,T20I # 2679
P.N.G. Vs Afghanistan,P.N.G.,11,Semo Kamea,run out (â€ Rahmanullah Gurbaz),2,3,0,0,66.66,out,T20I # 2679
P.N.G. Vs Afghanistan,Afghanistan,1,Rahmanullah Gurbaz, b Nao,11,7,1,1,157.14,out,T20I # 2679
P.N.G. Vs Afghanistan,Afghanistan,2,Ibrahim Zadran, b Kamea,0,7,0,0,0,out,T20I # 2679
P.N.G. Vs Afghanistan,Afghanistan,3,Gulbadin Naib,not out,49,36,4,2,136.11,not_out,T20I # 2679
P.N.G. Vs Afghanistan,Afghanistan,4,Azmatullah Omarzai, b Vanua,13,18,1,0,72.22,out,T20I # 2679
P.N.G. Vs Afghanistan,Afghanistan,5,Mohammad Nabi,not out,16,23,1,0,69.56,not_out,T20I # 2679
India Vs Pakistan,India,1,Rohit Sharma,c Haris Rauf b Shaheen Shah Afridi,13,12,1,1,108.33,out,T20I # 2658
India Vs Pakistan,India,2,Virat Kohli,c Usman Khan b Naseem Shah,4,3,1,0,133.33,out,T20I # 2658
India Vs Pakistan,India,3,Rishabh Pant,c Babar Azam b Mohammad Amir,42,31,6,0,135.48,out,T20I # 2658
India Vs Pakistan,India,4,Axar Patel, b Naseem Shah,20,18,2,1,111.11,out,T20I # 2658
India Vs Pakistan,India,5,Suryakumar Yadav,c Mohammad Amir b Haris Rauf,7,8,1,0,87.5,out,T20I # 2658
India Vs Pakistan,India,6,Shivam Dube,c & b Naseem Shah,3,9,0,0,33.33,out,T20I # 2658
India Vs Pakistan,India,7,Hardik Pandya,c Iftikhar Ahmed b Haris Rauf,7,12,1,0,58.33,out,T20I # 2658
India Vs Pakistan,India,8,Ravindra Jadeja,c Imad Wasim b Mohammad Amir,0,1,0,0,0,out,T20I # 2658
India Vs Pakistan,India,9,Arshdeep Singh,run out (Babar Azam/â€ Mohammad Rizwan),9,13,1,0,69.23,out,T20I # 2658
India Vs Pakistan,India,10,Jasprit Bumrah,c Imad Wasim b Haris Rauf,0,1,0,0,0,out,T20I # 2658
India Vs Pakistan,India,11,Mohammed Siraj,not out,7,7,0,0,100,not_out,T20I # 2658
India Vs Pakistan,Pakistan,1,Mohammad Rizwan, b Bumrah,31,44,1,1,70.45,out,T20I # 2658
India Vs Pakistan,Pakistan,2,Babar Azam,c Yadav b Bumrah,13,10,2,0,130,out,T20I # 2658
India Vs Pakistan,Pakistan,3,Usman Khan,lbw b Patel,13,15,1,0,86.66,out,T20I # 2658
India Vs Pakistan,Pakistan,4,Fakhar Zaman,c â€ Pant b Pandya,13,8,1,1,162.5,out,T20I # 2658
India Vs Pakistan,Pakistan,5,Imad Wasim,c â€ Pant b Arshdeep Singh,15,23,1,0,65.21,out,T20I # 2658
India Vs Pakistan,Pakistan,6,Shadab Khan,c â€ Pant b Pandya,4,7,0,0,57.14,out,T20I # 2658
India Vs Pakistan,Pakistan,7,Iftikhar Ahmed,c Arshdeep Singh b Bumrah,5,9,0,0,55.55,out,T20I # 2658
India Vs Pakistan,Pakistan,8,Shaheen Shah Afridi,not out,0,1,0,0,0,not_out,T20I # 2658
India Vs Pakistan,Pakistan,9,Naseem Shah,not out,10,4,2,0,250,not_out,T20I # 2658
Afghanistan Vs Uganda,Afghanistan,1,Rahmanullah Gurbaz,c Riazat Ali Shah b Ramjani,76,45,4,4,168.88,out,T20I # 2636
Afghanistan Vs Uganda,Afghanistan,2,Ibrahim Zadran, b Masaba,70,46,9,1,152.17,out,T20I # 2636
Afghanistan Vs Uganda,Afghanistan,3,Najibullah Zadran,c Nakrani b Masaba,2,3,0,0,66.66,out,T20I # 2636
Afghanistan Vs Uganda,Afghanistan,4,Mohammad Nabi,not out,14,16,0,0,87.5,not_out,T20I # 2636
Afghanistan Vs Uganda,Afghanistan,5,Gulbadin Naib,c Masaba b Kyewuta,4,5,0,0,80,out,T20I # 2636
Afghanistan Vs Uganda,Afghanistan,6,Azmatullah Omarzai,c Ramjani b Kyewuta,5,5,0,0,100,out,T20I # 2636
Afghanistan Vs Uganda,Afghanistan,7,Rashid Khan,not out,2,1,0,0,200,not_out,T20I # 2636
Afghanistan Vs Uganda,Uganda,1,Ronak Patel, b Fazalhaq Farooqi,4,2,1,0,200,out,T20I # 2636
Afghanistan Vs Uganda,Uganda,2,Simon Ssesazi,c Fazalhaq Farooqi b Mujeeb Ur Rahman,4,4,1,0,100,out,T20I # 2636
Afghanistan Vs Uganda,Uganda,3,Roger Mukasa,lbw b Fazalhaq Farooqi,0,1,0,0,0,out,T20I # 2636
Afghanistan Vs Uganda,Uganda,4,Riazat Ali Shah, b Fazalhaq Farooqi,11,34,0,0,32.35,out,T20I # 2636
Afghanistan Vs Uganda,Uganda,5,Dinesh Nakrani, b Naveen-ul-Haq,6,8,1,0,75,out,T20I # 2636
Afghanistan Vs Uganda,Uganda,6,Alpesh Ramjani,c Gulbadin Naib b Naveen-ul-Haq,0,2,0,0,0,out,T20I # 2636
Afghanistan Vs Uganda,Uganda,7,Robinson Obuya,c â€ Rahmanullah Gurbaz b Fazalhaq Farooqi,14,25,0,1,56,out,T20I # 2636
Afghanistan Vs Uganda,Uganda,8,Brian Masaba,c â€ Rahmanullah Gurbaz b Fazalhaq Farooqi,0,1,0,0,0,out,T20I # 2636
Afghanistan Vs Uganda,Uganda,9,Bilal Hassan,lbw b Rashid Khan,8,16,1,0,50,out,T20I # 2636
Afghanistan Vs Uganda,Uganda,10,Cosmas Kyewuta,not out,2,2,0,0,100,not_out,T20I # 2636
Afghanistan Vs Uganda,Uganda,11,Henry Ssenyondo, b Rashid Khan,0,1,0,0,0,out,T20I # 2636
Namibia Vs Australia,Namibia,1,Michael van Lingen,c Maxwell b Hazlewood,10,10,2,0,100,out,T20I # 2666
Namibia Vs Australia,Namibia,2,Nikolaas Davin,c Maxwell b Hazlewood,2,7,0,0,28.57,out,T20I # 2666
Namibia Vs Australia,Namibia,3,Jan Frylinck,c Marsh b Cummins,1,6,0,0,16.66,out,T20I # 2666
Namibia Vs Australia,Namibia,4,Gerhard Erasmus,c Maxwell b Stoinis,36,43,4,1,83.72,out,T20I # 2666
Namibia Vs Australia,Namibia,5,JJ Smit,lbw b Ellis,3,9,0,0,33.33,out,T20I # 2666
Namibia Vs Australia,Namibia,6,Zane Green,lbw b Zampa,1,4,0,0,25,out,T20I # 2666
Namibia Vs Australia,Namibia,7,David Wiese,c Hazlewood b Zampa,1,7,0,0,14.28,out,T20I # 2666
Namibia Vs Australia,Namibia,8,Ruben Trumpelmann,c Maxwell b Zampa,7,7,0,1,100,out,T20I # 2666
Namibia Vs Australia,Namibia,9,Bernard Scholtz, b Zampa,0,2,0,0,0,out,T20I # 2666
Namibia Vs Australia,Namibia,10,Jack Brassell,not out,2,3,0,0,66.66,not_out,T20I # 2666
Namibia Vs Australia,Namibia,11,Ben Shikongo,c David b Stoinis,0,4,0,0,0,out,T20I # 2666
Namibia Vs Australia,Australia,1,David Warner,c Trumpelmann b Wiese,20,8,3,1,250,out,T20I # 2666
Namibia Vs Australia,Australia,2,Travis Head,not out,34,17,5,2,200,not_out,T20I # 2666
Namibia Vs Australia,Australia,3,Mitchell Marsh,not out,18,9,3,1,200,not_out,T20I # 2666
Sri Lanka Vs Netherlands,Sri Lanka,1,Pathum Nissanka,c Engelbrecht b Kingma,0,2,0,0,0,out,T20I # 2699
Sri Lanka Vs Netherlands,Sri Lanka,2,Kusal Mendis,c Engelbrecht b Dutt,46,29,5,0,158.62,out,T20I # 2699
Sri Lanka Vs Netherlands,Sri Lanka,3,Kamindu Mendis,c van Beek b van Meekeren,17,20,1,1,85,out,T20I # 2699
Sri Lanka Vs Netherlands,Sri Lanka,4,Dhananjaya de Silva,c de Leede b Pringle,34,26,3,1,130.76,out,T20I # 2699
Sri Lanka Vs Netherlands,Sri Lanka,5,Charith Asalanka,c de Leede b van Beek,46,21,1,5,219.04,out,T20I # 2699
Sri Lanka Vs Netherlands,Sri Lanka,6,Angelo Mathews,not out,30,15,1,2,200,not_out,T20I # 2699
Sri Lanka Vs Netherlands,Sri Lanka,7,Dasun Shanaka,c â€ Edwards b van Beek,0,1,0,0,0,out,T20I # 2699
Sri Lanka Vs Netherlands,Sri Lanka,8,Wanindu Hasaranga,not out,20,6,1,2,333.33,not_out,T20I # 2699
Sri Lanka Vs Netherlands,Netherlands,1,Michael Levitt,st â€ BKG Mendis b Theekshana,31,23,2,3,134.78,out,T20I # 2699
Sri Lanka Vs Netherlands,Netherlands,2,Max O'Dowd,c PHKD Mendis b Thushara,11,8,0,1,137.5,out,T20I # 2699
Sri Lanka Vs Netherlands,Netherlands,3,Vikramjit Singh,c PHKD Mendis b Shanaka,7,10,0,0,70,out,T20I # 2699
Sri Lanka Vs Netherlands,Netherlands,4,Sybrand Engelbrecht,c Asalanka b Pathirana,11,9,0,1,122.22,out,T20I # 2699
Sri Lanka Vs Netherlands,Netherlands,5,Scott Edwards,c Theekshana b Thushara,31,24,2,1,129.16,out,T20I # 2699
Sri Lanka Vs Netherlands,Netherlands,6,Bas de Leede,c Asalanka b Hasaranga,3,5,0,0,60,out,T20I # 2699
Sri Lanka Vs Netherlands,Netherlands,7,Logan van Beek,run out (â€ BKG Mendis),0,1,0,0,0,out,T20I # 2699
Sri Lanka Vs Netherlands,Netherlands,8,Tim Pringle,st â€ BKG Mendis b Hasaranga,2,4,0,0,50,out,T20I # 2699
Sri Lanka Vs Netherlands,Netherlands,9,Aryan Dutt, b Pathirana,10,8,1,0,125,out,T20I # 2699
Sri Lanka Vs Netherlands,Netherlands,10,Paul van Meekeren,lbw b Thushara,3,8,0,0,37.5,out,T20I # 2699
Sri Lanka Vs Netherlands,Netherlands,11,Vivian Kingma,not out,1,1,0,0,100,not_out,T20I # 2699
P.N.G. Vs Uganda,P.N.G.,1,Assad Vala,lbw b Ramjani,0,2,0,0,0,out,T20I # 2640
P.N.G. Vs Uganda,P.N.G.,2,Tony Ura,c Mukasa b Kyewuta,2,6,0,0,33.33,out,T20I # 2640
P.N.G. Vs Uganda,P.N.G.,3,Sese Bau,c Mukasa b Miyagi,5,9,1,0,55.55,out,T20I # 2640
P.N.G. Vs Uganda,P.N.G.,4,Lega Siaka,run out (Kyewuta/â€ Ssesazi),12,17,1,0,70.58,out,T20I # 2640
P.N.G. Vs Uganda,P.N.G.,5,Hiri Hiri,lbw b Nsubuga,15,19,2,0,78.94,out,T20I # 2640
P.N.G. Vs Uganda,P.N.G.,6,Charles Amini, b Nsubuga,5,14,0,0,35.71,out,T20I # 2640
P.N.G. Vs Uganda,P.N.G.,7,Kiplin Doriga,lbw b Ramjani,12,20,0,1,60,out,T20I # 2640
P.N.G. Vs Uganda,P.N.G.,8,Chad Soper, b Masaba,4,11,0,0,36.36,out,T20I # 2640
P.N.G. Vs Uganda,P.N.G.,9,Norman Vanua,c â€ Ssesazi b Kyewuta,5,10,0,0,50,out,T20I # 2640
P.N.G. Vs Uganda,P.N.G.,10,Alei Nao, b Miyagi,5,6,0,0,83.33,out,T20I # 2640
P.N.G. Vs Uganda,P.N.G.,11,John Kariko,not out,0,2,0,0,0,not_out,T20I # 2640
P.N.G. Vs Uganda,Uganda,1,Roger Mukasa,lbw b Nao,0,3,0,0,0,out,T20I # 2640
P.N.G. Vs Uganda,Uganda,2,Simon Ssesazi,lbw b Nao,1,3,0,0,33.33,out,T20I # 2640
P.N.G. Vs Uganda,Uganda,3,Robinson Obuya,c Vala b Vanua,1,2,0,0,50,out,T20I # 2640
P.N.G. Vs Uganda,Uganda,4,Riazat Ali Shah,c Kariko b Vanua,33,56,1,0,58.92,out,T20I # 2640
P.N.G. Vs Uganda,Uganda,5,Alpesh Ramjani, b Soper,8,10,1,0,80,out,T20I # 2640
P.N.G. Vs Uganda,Uganda,6,Dinesh Nakrani,c & b Vala,0,3,0,0,0,out,T20I # 2640
P.N.G. Vs Uganda,Uganda,7,Juma Miyagi,run out (Vanua/Nao),13,16,0,0,81.25,out,T20I # 2640
P.N.G. Vs Uganda,Uganda,8,Kenneth Waiswa,not out,7,16,0,0,43.75,not_out,T20I # 2640
P.N.G. Vs Uganda,Uganda,9,Brian Masaba,not out,0,1,0,0,0,not_out,T20I # 2640
Ireland Vs India,Ireland,1,Andy Balbirnie, b Arshdeep Singh,5,10,1,0,50,out,T20I # 2639
Ireland Vs India,Ireland,2,Paul Stirling,c â€ Pant b Arshdeep Singh,2,6,0,0,33.33,out,T20I # 2639
Ireland Vs India,Ireland,3,Lorcan Tucker, b Pandya,10,13,2,0,76.92,out,T20I # 2639
Ireland Vs India,Ireland,4,Harry Tector,c Kohli b Bumrah,4,16,0,0,25,out,T20I # 2639
Ireland Vs India,Ireland,5,Curtis Campher,c â€ Pant b Pandya,12,8,1,1,150,out,T20I # 2639
Ireland Vs India,Ireland,6,George Dockrell,c Bumrah b Mohammed Siraj,3,5,0,0,60,out,T20I # 2639
Ireland Vs India,Ireland,7,Gareth Delany,run out (Mohammed Siraj/â€ Pant),26,14,2,2,185.71,out,T20I # 2639
Ireland Vs India,Ireland,8,Mark Adair,c Dube b Pandya,3,2,0,0,150,out,T20I # 2639
Ireland Vs India,Ireland,9,Barry McCarthy,c & b Patel,0,6,0,0,0,out,T20I # 2639
Ireland Vs India,Ireland,10,Josh Little, b Bumrah,14,13,2,0,107.69,out,T20I # 2639
Ireland Vs India,Ireland,11,Ben White,not out,2,4,0,0,50,not_out,T20I # 2639
Ireland Vs India,India,1,Rohit Sharma,not out,52,37,4,3,140.54,not_out,T20I # 2639
Ireland Vs India,India,2,Virat Kohli,c White b Adair,1,5,0,0,20,out,T20I # 2639
Ireland Vs India,India,3,Rishabh Pant,not out,36,26,3,2,138.46,not_out,T20I # 2639
Ireland Vs India,India,4,Suryakumar Yadav,c Dockrell b White,2,4,0,0,50,out,T20I # 2639
Ireland Vs India,India,5,Shivam Dube,not out,0,2,0,0,0,not_out,T20I # 2639
U.S.A. Vs West Indies,U.S.A.,1,Steven Taylor,c Chase b Russell,2,7,0,0,28.57,out,T20I # 2713
U.S.A. Vs West Indies,U.S.A.,2,Andries Gous,c Hope b Joseph,29,16,3,1,181.25,out,T20I # 2713
U.S.A. Vs West Indies,U.S.A.,3,Nitish Kumar,lbw b Motie,20,19,2,0,105.26,out,T20I # 2713
U.S.A. Vs West Indies,U.S.A.,4,Aaron Jones, b Chase,11,11,0,1,100,out,T20I # 2713
U.S.A. Vs West Indies,U.S.A.,5,Corey Anderson,lbw b Chase,7,15,0,0,46.66,out,T20I # 2713
U.S.A. Vs West Indies,U.S.A.,6,Milind Kumar,run out (Motie/Russell),19,21,1,0,90.47,out,T20I # 2713
U.S.A. Vs West Indies,U.S.A.,7,Harmeet Singh,c Charles b Chase,0,1,0,0,0,out,T20I # 2713
U.S.A. Vs West Indies,U.S.A.,8,Shadley van Schalkwyk,c Charles b Russell,18,17,3,0,105.88,out,T20I # 2713
U.S.A. Vs West Indies,U.S.A.,9,Nosthush Kenjige,c â€ Pooran b Joseph,1,3,0,0,33.33,out,T20I # 2713
U.S.A. Vs West Indies,U.S.A.,10,Ali Khan,not out,14,6,1,1,233.33,not_out,T20I # 2713
U.S.A. Vs West Indies,U.S.A.,11,Saurabh Netravalkar,c Powell b Russell,0,4,0,0,0,out,T20I # 2713
U.S.A. Vs West Indies,West Indies,1,Shai Hope,not out,82,39,4,8,210.25,not_out,T20I # 2713
U.S.A. Vs West Indies,West Indies,2,Johnson Charles,c Milind Kumar b Harmeet Singh,15,14,2,0,107.14,out,T20I # 2713
U.S.A. Vs West Indies,West Indies,3,Nicholas Pooran,not out,27,12,1,3,225,not_out,T20I # 2713
South Africa Vs Bangladesh,South Africa,1,Quinton de Kock, b Tanzim Hasan Sakib,18,11,1,2,163.63,out,T20I # 2664
South Africa Vs Bangladesh,South Africa,2,Reeza Hendricks,lbw b Tanzim Hasan Sakib,0,1,0,0,0,out,T20I # 2664
South Africa Vs Bangladesh,South Africa,3,Aiden Markram, b Taskin Ahmed,4,8,1,0,50,out,T20I # 2664
South Africa Vs Bangladesh,South Africa,4,Tristan Stubbs,c Shakib Al Hasan b Tanzim Hasan Sakib,0,5,0,0,0,out,T20I # 2664
South Africa Vs Bangladesh,South Africa,5,Heinrich Klaasen, b Taskin Ahmed,46,44,2,3,104.54,out,T20I # 2664
South Africa Vs Bangladesh,South Africa,6,David Miller, b Rishad Hossain,29,38,1,1,76.31,out,T20I # 2664
South Africa Vs Bangladesh,South Africa,7,Marco Jansen,not out,5,5,0,0,100,not_out,T20I # 2664
South Africa Vs Bangladesh,South Africa,8,Keshav Maharaj,not out,4,8,0,0,50,not_out,T20I # 2664
South Africa Vs Bangladesh,Bangladesh,1,Tanzid Hasan,c â€ de Kock b Rabada,9,9,2,0,100,out,T20I # 2664
South Africa Vs Bangladesh,Bangladesh,2,Najmul Hossain Shanto,c Markram b Nortje,14,23,0,1,60.86,out,T20I # 2664
South Africa Vs Bangladesh,Bangladesh,3,Litton Das,c Miller b Maharaj,9,13,1,0,69.23,out,T20I # 2664
South Africa Vs Bangladesh,Bangladesh,4,Shakib Al Hasan,c Markram b Nortje,3,4,0,0,75,out,T20I # 2664
South Africa Vs Bangladesh,Bangladesh,5,Towhid Hridoy,lbw b Rabada,37,34,2,2,108.82,out,T20I # 2664
South Africa Vs Bangladesh,Bangladesh,6,Mahmudullah,c Markram b Maharaj,20,27,2,0,74.07,out,T20I # 2664
South Africa Vs Bangladesh,Bangladesh,7,Jaker Ali,c Markram b Maharaj,8,9,0,0,88.88,out,T20I # 2664
South Africa Vs Bangladesh,Bangladesh,8,Rishad Hossain,not out,0,1,0,0,0,not_out,T20I # 2664
South Africa Vs Bangladesh,Bangladesh,9,Taskin Ahmed,not out,1,1,0,0,100,not_out,T20I # 2664
